"alpha" "beta" "gamma" "delta" "epsilon" "zeta" "chi" "true"
"5" 2.76246828902747 3.62554999278035 3.13457784371347 1.43208199098269 4.1153191387537 5.19004679798627 3.03646267628274 "1"
"12" 2.51642910220079 3.76303547717281 3.18894188285336 1.46485552187725 3.44842986131093 5.08375478046324 3.09900593916272 "1"
"13" 3.30540908264906 2.98985240197117 2.82057363340524 1.35692795631218 4.28475652284206 5.02807005067836 3.01819656647685 "1"
"26" 2.62410111665678 3.62563472851553 2.9206291008187 1.41414852347894 3.73811180893519 5.04516233929582 3.26361474770239 "1"
"28" 2.83945483214612 3.58557155074734 2.9578381591144 1.49001718321167 3.77901452498018 4.96228501324573 3.48719315275882 "1"
"30" 2.97570966742971 3.59474180734329 2.70153076396592 1.46320138607867 3.71501609383635 5.19063734759197 3.51482780601698 "1"
"40" 2.68065529966183 3.6940040575183 3.02581197905537 1.4077305987535 4.17719313767871 5.01034415518255 3.05077100766364 "1"
"61" 0.874300174039209 3.79232039159861 3.1443305515874 1.41813539654256 3.90256388690803 4.99842748338224 3.33071626953651 "1"
"68" 2.77365935764456 3.55239345253216 3.15214693882928 1.43038725882571 3.87646384930127 5.20694610554833 3.02356464075063 "1"
"75" 2.32361147943893 3.82023057998578 3.38816695836514 1.45356266565819 3.48767413059409 5.02386078776145 3.10779061762032 "1"
"76" 2.86944014720074 3.07137641717256 3.18850754021571 1.40127658061914 4.24236097432796 5.0322318755462 3.09380208291827 "1"
"89" 2.50123496386463 4.0849784048502 2.92313649318199 1.43824687787317 3.86335075429872 5.00366724104941 3.43883943415085 "1"
"91" 2.9442573507789 3.57599197953521 2.83886777319891 1.48886065823613 3.81729699567245 4.72305652003934 3.40668844474718 "1"
"93" 2.941857557964 3.62195531265294 2.82829905408651 1.44352634178082 3.95608650281554 5.03549962059813 3.48347029565115 "1"
"103" 2.86123882759233 3.67036489925027 2.88301999560515 1.39963462721874 4.12955929757402 4.99946714111107 3.03152053215963 "1"
"124" 0.925487888473399 3.73366518124001 2.94979528049548 1.48614400089552 3.76070071532583 5.09775956418063 3.35074695957604 "1"
"188" 2.76687409347145 3.63761493030061 2.91297642546065 1.53242967887281 4.09555604259508 4.98028790994712 3.0838604780594 "1"
"204" 2.7367068627489 3.73379245064906 3.07396311729707 1.44624160285802 3.88572365874114 4.85236829593216 3.13450981077923 "1"
"206" 2.66006010032903 3.89162250509374 2.91445426555148 1.50529455629986 3.71479099872272 4.27302789281537 3.29591196079079 "1"
"218" 2.7412365157566 3.61435773733938 2.95420733321818 1.45341944393977 4.12500594299507 5.14189948201563 3.10257241476942 "1"
"231" 2.79901728125337 3.24844413640455 2.91002943701866 1.51091003099511 4.14371358619513 4.84858854109087 3.39024871728375 "1"
"258" 2.72579941013527 3.92857356881941 2.97747953601098 1.59693575648287 3.726729207886 4.76690015078053 3.17496875940861 "1"
"264" 2.68421821479685 3.42047755812891 2.93205231567959 1.47173766927713 4.48350952169776 4.0774453194525 3.15365565379458 "1"
"265" 1.85845301180844 4.42000871883026 3.19910120008313 1.46854076713954 3.84279688436261 5.00488652806485 2.91950050111119 "1"
"280" 2.60440942191786 3.75843288685567 2.85746758995779 1.44810236818674 4.03614081116041 4.82034359855317 3.3313187571943 "1"
"290" 2.78431200964069 3.33964408244607 2.9984284263167 1.49832624199481 4.20365431881429 4.77346415956435 3.11187254131501 "1"
"297" 2.79321362515817 3.58898429775352 2.94137499187911 1.50274874923973 3.85295859269345 4.93978408890268 3.26823205114513 "1"
"306" 2.93600670816583 3.50957614520432 2.81853966160155 1.49471793084595 4.07537010551859 4.91749771788457 3.15756194500664 "1"
"326" 3.04859470425945 3.36453371676328 2.6427857564173 1.46071690988846 4.23226991692524 4.8853523484411 3.13575782591416 "1"
"360" 2.91298202796755 3.9035906117471 2.75799431202291 1.62579627664776 4.15868528231813 4.52984544770421 3.29180476472854 "1"
"366" 2.62949901860747 3.23289363674171 3.08518511314849 1.46360460949576 4.41468138054123 4.09320782425957 3.18681603691785 "1"
"367" 1.91547405293511 4.34188484935785 3.22791271140262 1.45767235754128 3.78574119845029 5.15697773048946 2.95815900299079 "1"
"370" 2.54292625457225 3.58228265230488 3.0658237568771 1.45125369977756 4.50379330193212 4.16824287983497 3.26591931535331 "1"
"386" 2.85157434611209 2.73111777743194 3.1239815134923 1.52656254515272 3.9362014255955 4.58257844175153 3.16552570785057 "1"
"387" 2.69057725211333 3.7700485068133 2.9747817282263 1.48902672631446 3.84752808799233 4.98946731206836 3.46209594643368 "1"
"390" 2.7889711311723 3.60606211759148 2.90220673168488 1.48768462047955 4.38534365245226 5.11771735181731 3.25576102786781 "1"
"402" 2.22145714888019 3.42908201388795 3.38891991085775 1.480485311848 3.80077321315224 4.97598420726439 3.24252232151899 "1"
"405" 2.56425197891677 3.2517867037215 3.13920635217 1.44535246232389 3.87640986626751 4.94510322414422 3.24860669637108 "1"
"419" 2.4703116739634 3.49997245354193 3.10066778931659 1.4531935110681 3.77866458646516 5.03250659037047 3.26288404815775 "1"
"438" 2.84423272333333 3.09766502015171 3.04906128312839 1.46109098630704 3.7779169048669 5.0240557410389 3.28946024649104 "1"
"445" 2.6117725646063 3.24988534203438 3.12387133085662 1.47936992428293 3.8971439065423 5.25014256820288 3.29644706128616 "1"
"447" 3.00611337281262 3.1749729831054 3.00021208299907 1.54243008387418 4.09334514676512 5.36813733251979 3.23107922735792 "1"
"454" 2.8034369610649 2.47923475703068 3.08062219416525 1.50451362617935 3.98612651648892 5.15055093949143 3.28578798647838 "1"
"461" 2.86353114303189 3.32290560697457 2.92399074458438 1.48703767928572 4.10536063910767 4.83930365126965 3.08185521692191 "1"
"464" 2.76134309271201 3.57243841936498 3.01727045986916 1.47758052546732 4.12544794762814 5.05845787356508 3.04080697532388 "1"
"473" 2.0262416706189 4.21272126937182 2.91977636785276 1.46204531488874 3.88801052875344 5.02304929692573 3.23204305053075 "1"
"484" 2.75926824529724 3.39431418252359 2.92949029451071 1.44362666330622 3.91535140819191 5.07845280180824 3.21156456136504 "1"
"497" 2.63013868177833 3.44007025779265 3.06002423721223 1.46657219282293 3.90484988425571 4.91631009114176 3.10250460872798 "1"
"531" 2.67831645374441 3.41389543282744 3.07094762468193 1.48147475645425 4.15948097792411 4.89346860070177 3.23068233948602 "1"
"536" 2.54223882173977 3.44474191078829 3.21159494754731 1.46452273994877 3.64600841065967 4.6906207976215 3.29314292611933 "1"
"537" 2.510513657767 3.82651954233279 3.02891236448532 1.42822835635416 4.24897008241966 4.85092119108945 3.05906971664432 "1"
"545" 2.51689112576037 3.51079471663477 3.23273968124839 1.47260371910526 3.93122433998076 4.86078811330963 3.19904428489622 "1"
"548" 2.59898731225045 3.57108795340295 3.04084121868381 1.48145552292589 4.32842809902559 4.2969087791848 3.21532534447735 "1"
"549" 1.97521698739014 4.1878237287131 3.32298585721358 1.45269242703986 3.84286626120038 4.68620157159558 3.14694158160167 "1"
"557" 2.31815950718801 3.27693539725958 2.85817795641664 1.16240848045 4.10323896450907 4.76553212680623 3.22289890406041 "1"
"560" 2.70467352599011 3.30470070586555 3.06360628115586 1.51719361772801 3.91210938929316 4.62327714626026 3.0263142848141 "1"
"572" 2.44797945314584 3.23592897375044 2.81874856005972 1.53758110542653 3.62665764853683 4.58829017135502 3.24337390256763 "1"
"575" 2.71519293955114 3.28388891117258 3.08489947256311 1.50637442641466 3.90877354149382 4.66320542753056 3.05643097080152 "1"
"623" 1.38117537927782 4.25167000205274 3.43395413540147 1.48067895612851 3.9166856251386 5.27413786090478 3.27063166942711 "1"
"694" 2.57404268260851 3.91124651596427 2.96735940142293 1.40012338922247 4.46214536520312 4.63529152159209 3.05749342253038 "1"
"698" 2.18717797479981 4.31178151513921 3.24129057285269 1.41298967721549 4.35955335842786 4.62165871989817 2.80076463508729 "1"
"699" 2.51729106795847 3.49331890936747 3.08557831837567 1.42263162649508 4.09457439961059 5.10788278800146 3.030603379091 "1"
"711" 2.91288683771014 2.97400795395572 3.01782048292964 1.48278157173168 3.8870950337476 4.95952470522053 3.18817723665477 "1"
"719" 3.10073789919265 3.27344801997459 2.75673013513911 1.44975463648302 4.38190631375692 4.13862160555573 3.20006460437694 "1"
"723" 2.32449093339572 3.94784924687783 3.1514280028038 1.40195094093552 4.20494273832141 4.9584043260138 3.06407980643521 "1"
"727" 2.25617459258904 3.96299332917104 3.15786950692743 1.36507119136309 4.07960708426402 4.75557594844811 3.14790849400728 "1"
"730" 1.80875106125988 3.36115690608639 3.88239425120674 1.64449559462728 3.80772759972986 5.12033384471214 3.2688392511919 "1"
"732" 2.26339282058968 3.46258226497645 3.73329881917672 1.69471763583964 4.21773411678293 5.18674081277043 3.25175359482559 "1"
"744" 3.02561854421438 2.19800598002589 3.00862263267821 1.61570089082849 4.07847296931608 5.17623984733959 3.33148114262791 "1"
"746" 2.50684532474516 3.91575606277898 3.25359025715734 1.65129600825829 3.90694605959394 4.93225171908997 3.01745300385563 "1"
"748" 2.82296079003636 2.95145348291122 3.03030126259748 1.42430103392462 3.55793909660403 5.05590737156926 3.23030164826958 "1"
"763" 1.13929077420258 4.05801167164349 3.29165944861501 1.1966656633818 3.75993493466323 4.77368154032269 3.63048587117145 "1"
"766" 2.18792869327097 4.00155224256353 3.31992442753253 1.40135318312001 4.19691389214968 4.78076258544413 3.1699320882532 "1"
"793" 2.34218375490221 3.35512136554678 3.32798439292483 1.484729603523 3.87114986278102 4.94568309233491 3.26252464995818 "1"
"802" 1.76783143297444 3.43316165120131 3.92538335129286 1.74167126877495 3.66166130878972 4.80119293842907 3.27664399708767 "1"
"803" 1.97986329820504 3.36009229014926 3.66415880513615 1.57172339333368 3.89553073362127 5.11273366885799 3.26675686395476 "1"
"814" 2.03573645373597 3.55847936327399 3.66271299183709 1.71025012370459 3.91554761810642 5.26660983696191 3.08072352798162 "1"
"863" 2.7282129037848 3.34912371610523 3.01475257807706 1.46995165640027 4.2796023735747 4.50108106027453 3.13392320561763 "1"
"923" 2.78968566896807 2.77552907651234 3.03487629416573 1.48229514846915 3.63438870663159 4.90729509903607 3.29921517093312 "1"
"954" 2.77373709460944 3.45898105731764 3.07813468110214 1.45442611494574 4.02971576549163 5.01827960878601 3.10953962951704 "1"
"956" 2.38025650683155 3.98139805302612 3.0057221223542 1.39447314756852 4.49270986777002 4.73370693801403 3.3040827371373 "1"
"966" 3.04173686929605 3.16333633193028 2.86445508543131 1.45345558970858 4.21898296967591 4.78734322721572 3.1513029499629 "1"
"969" 2.69832152235052 3.58154673422577 2.99806026656428 1.41187804210831 4.40858815686983 4.59388997299358 3.08061952381149 "1"
"993" 2.88057218878252 3.41342977898301 2.91520384955863 1.42619824172812 3.75035515401159 4.87142549367481 3.17824072815732 "1"
"1024" 2.87044720217914 3.42171344322553 3.08140827300705 1.47236125796557 3.97511511206504 5.05986485328828 3.0575381727724 "1"
"1036" 2.89989465911818 3.11505462560725 3.05675392652631 1.49931776354287 4.08576457095847 4.96184754646871 3.13483007869697 "1"
"1039" 2.58756978716292 3.68907212357131 3.07475872563659 1.44845310955322 3.94369295470371 5.01665297937644 3.22177784417527 "1"
"1069" 1.94153537913906 3.25984989797291 3.60573055739348 1.67425387725281 4.08815554986066 5.0812593959652 3.35154485429689 "1"
"1201" 2.67269558598177 3.20911975650872 3.34609851945945 1.45720809996025 4.20815882162747 5.12817040796018 3.21766270686492 "1"
"1221" 2.53383764447871 3.55988222402016 3.27505855744845 1.48331984872629 3.95123422569561 5.01056621342328 3.06496700965388 "1"
"1226" 2.56602230128365 3.47816089934683 3.15630759432653 1.4110929057443 4.24809518377222 4.78924853334695 3.16213575484442 "1"
"1241" 2.75530498653839 3.38754619711009 2.99946644343603 1.51283952738977 3.9165260147785 5.01881921223085 3.15118922430884 "1"
"1247" 2.67225607716954 3.45190379956068 3.00610298810357 1.47877654724384 4.08347307582365 4.97676157691322 3.14146117793724 "1"
"1265" 2.73386023073889 3.37958676268271 2.90865130758799 1.4688729032962 4.26267791581811 4.92360561977498 3.14618119400646 "1"
"1283" 2.79240061588601 4.24281474248019 3.04285719614291 1.44342305319568 3.6552671379954 5.01888680883277 3.25941113965226 "1"
"1289" 2.31795985897488 4.38694633594449 3.18634814905198 1.43411809208806 3.91253266654335 4.81995360473181 3.201714115053 "1"
"1296" 2.64394770936681 3.6120033754449 2.91562239696655 1.39787444521481 4.05275358801918 4.91484310699887 3.14536668375114 "1"
"1298" 2.90387491738393 3.83141930986167 2.95190704162393 1.45662568358886 3.72922930477302 4.93400725851809 3.26132595782791 "1"
"1311" 2.78431904331757 3.63967941045962 2.83288878132706 1.42336579924494 4.09276152611655 4.88890055045052 3.05193987211699 "1"
"1315" 1.85694351144497 4.54598499598959 2.96644676875706 1.37824308650813 4.09691944144687 4.83733313963756 3.14973990289798 "1"
"1318" 2.31079474134337 4.07764409500101 2.96584609624169 1.45916901228145 3.69779960758932 5.1029188272627 2.9141765662142 "1"
"1322" 2.73371550803732 3.17326636525621 2.9954508946128 1.4272048778275 3.39728183566393 5.28211689537966 3.21721012553658 "1"
"1323" 2.77650103291948 3.01820175010473 3.21578221931565 1.44836266659139 3.75848611939786 5.31850226298818 3.11549675241336 "1"
"1325" 2.5946206380883 3.95122274142913 3.01091552407643 1.44922135113007 3.777657426767 4.87471324019996 3.10260126506195 "1"
"1331" 2.75026601154837 3.68148645140324 3.08943272094907 1.41957171525049 4.08772660029039 5.4779557179833 2.99359712805438 "1"
"1333" 2.64565582819916 3.50374419732195 2.84689333815165 1.40418253637042 4.20538594723166 4.95870476699123 2.99423946157899 "1"
"1338" 2.69487837170877 4.10395514291433 2.88410201247492 1.35409420483206 4.36108317442381 4.88026155462559 3.09209632028042 "1"
"1348" 2.28062154159477 2.90164766781888 2.97601166175018 1.44900925871937 3.91297433956386 5.1920734219538 3.36517098883306 "1"
"1350" 2.67599162282087 3.92994784107243 3.11319701932447 1.52783150423867 3.73109427634523 5.02605941392677 3.32310188670225 "1"
"1359" 2.80688000698689 3.27810358103453 2.95190084570509 1.48038036520008 4.10943285877172 4.8820567653876 3.25153513196312 "1"
"1362" 2.72581733466668 3.63178443104152 2.89457782771124 1.3689509884771 4.2942336432271 5.03028564144401 3.01383797318914 "1"
"1368" 2.34082918741644 3.23961284020262 3.09401742164138 1.48686983097155 3.50081324845578 4.67290621185924 3.10366720744932 "1"
"1396" 2.86329894442821 3.66235256389326 2.66888743463355 1.44115208313287 4.37239959258777 4.85423031789794 3.41716160708304 "1"
"1397" 2.0409319498533 4.2672078480785 3.46754800595106 1.50820855801899 3.77860758401179 4.99453923887465 3.25794541214643 "1"
"1401" 2.34883942837835 3.92298108011042 3.14105554596578 1.41116870539371 3.70169485086721 4.75036833974576 3.31724545185048 "1"
"1402" 2.09150330126215 3.43412828435424 3.60702864602465 1.45842717753618 3.99310874106811 4.95086642350736 3.35206035474475 "1"
"1413" 2.88186781649944 3.42930609671061 2.83363206469561 1.39334859702488 4.03203563968009 4.67170701358349 3.33542178191964 "1"
"1419" 2.66672209189707 3.75275465012052 3.07508450879477 1.45082602429765 3.7234450567391 4.92472428855904 3.19377600854908 "1"
"1432" 2.77366281339647 3.49135604227751 2.99771870562967 1.46817985050352 4.11777268770957 4.94151355311177 2.83107304549305 "1"
"1590" 2.59844599838294 3.54265032651583 3.22210306882809 1.45190235139406 3.64190154620997 4.98967198682974 3.29874346079618 "1"
"1596" 2.67345990056781 3.60921323974278 3.16548999841407 1.44283697163286 3.84757613690664 5.00474234641535 3.19003625665424 "1"
"1642" 3.00752201059861 2.1837524694368 3.09123632674479 1.45455324472845 3.95027811687807 4.73646185297184 3.51218309114814 "1"
"1647" 3.21393032025953 2.11590296929845 2.99623229597221 1.4827553917929 4.01225625959955 4.69140328108505 3.42772844123985 "1"
"1667" 2.93423046913278 3.43223622527203 2.92893257454823 1.50882280919594 4.2864553216162 5.04961442987156 3.24098163212179 "1"
"1687" 2.90833761956153 2.80183710500606 3.03682612364618 1.47397505920514 3.49407210620617 5.21590474097248 3.21147092445067 "1"
"1689" 2.54433403714691 3.31993713352949 3.11551438023881 1.45747717737103 3.80592942190811 5.03595591947777 3.57477274487964 "1"
"1693" 2.63846475752167 3.11027130644606 3.06872264404491 1.45905738102249 3.72158474519599 4.91047725314147 3.42074354630691 "1"
"1699" 2.03595563218343 4.18356502061848 3.37666031676601 1.45455469335173 4.52697137911836 4.40655106092678 2.86116613462898 "1"
"1703" 2.63628978056772 3.26137098732261 3.28517192015901 1.42673515736591 3.66744770357861 5.28655626250516 3.26964957265701 "1"
"1704" 2.84028606265567 2.870284188427 3.07807547953391 1.46790653194266 3.86119597080421 4.99195950261386 3.20502523153683 "1"
"1705" 2.53010105162982 3.36427914303858 3.20045437130549 1.43225894991555 3.99556482075139 4.2530049869443 3.35832596458637 "1"
"1706" 2.16651469017289 4.22019604331921 3.26691237279111 1.46638594873845 4.11790255765921 4.95542297203883 3.29990366841644 "1"
"1708" 2.75938931878745 3.26272234340255 3.05686243364591 1.46957517142732 3.98011404920202 4.98420181079472 3.49509663193039 "1"
"1719" 2.97302542085331 2.99368812952158 3.02205173699512 1.50587049749973 3.99655822725504 4.47696540966741 3.1900613195823 "1"
"1726" 2.3685560115124 4.14819807008179 3.03211312380056 1.47390367523873 3.41729789984433 5.18284087455685 3.2658901683548 "1"
"1743" 2.80706979408975 3.3612663207772 2.93481216991918 1.45745743769719 3.80426942180325 5.09672468865395 2.97729974964474 "1"
"1751" 2.74000223636288 3.52919441394161 2.90765722040593 1.45949399258817 3.91935540293549 5.05981631568178 3.03011086462938 "1"
"1757" 2.63665821957281 3.65312392603383 2.96924824909931 1.44135075396162 4.14941905006661 4.7331782777836 3.19609054203002 "1"
"1759" 2.78899743328413 3.46134075991963 2.93635275459662 1.45893988545725 3.94248366842488 5.1373594093923 3.41397151172954 "1"
"1799" 2.9197191036 2.87637912252106 2.89023923589675 1.46899640279407 3.46526518510262 5.24266196485579 3.20289781480499 "1"
"1805" 2.70321162075534 3.57014947241086 2.99814426926118 1.49947383088458 4.00809274176233 5.11518009687051 3.49545479094619 "1"
"1808" 2.53613123400863 3.76527681154493 3.26738401311488 1.43988787134248 3.92599617129982 4.86886106395156 3.29518333818796 "1"
"1820" 2.18299827776043 4.17258988413645 3.38835267885085 1.33219559361387 3.6194900350845 4.89777146562646 3.36155403830439 "1"
"1832" 2.58775102215245 3.71608364192663 2.96992646659335 1.47826862152492 4.01779792432072 4.94015877618649 3.36163884385275 "1"
"1835" 2.66335568338253 3.45683157962406 3.27751139081933 1.46660886219051 4.06242780843664 4.66280649762344 3.22959508662849 "1"
"1847" 2.1679874688089 3.78840280810629 3.58045160993332 1.42560057117907 3.45207911788405 5.09072401979279 3.36645054206757 "1"
"1854" 2.56145453028508 3.94511094745449 3.23509570120566 1.49543215448245 4.01827610962919 4.72108508338275 2.9990885098398 "1"
"1896" 2.59940790169359 2.40482835159855 3.13942820097122 1.54899541910824 3.82879806967126 5.10831737498521 3.15229874756762 "1"
"1901" 2.73126457707533 2.67835359435089 3.09080559693869 1.45205866308187 4.00521340228214 4.9691466355736 3.21586468612281 "1"
"1906" 2.80860341490348 2.25901504613349 3.06369155794311 1.51878509620645 3.94089102057585 5.07515775980681 3.25927449782512 "1"
"1911" 2.98703538819858 2.32475149359975 2.96489264032462 1.47428242913971 3.96800636856837 4.99989300144856 3.18141298624587 "1"
"1917" 2.84639769955067 2.5558067146388 2.99189387869065 1.51024034816112 4.14069559775917 4.72298145342821 3.14115492501339 "1"
"1922" 2.93473314141065 2.09249131469841 3.13741889066987 1.51708750170949 3.85194312522806 5.08378876202378 3.28993513312721 "1"
"1927" 2.6662327190281 2.18376164986867 3.19349912951654 1.58325267185321 3.71534149302209 5.20949023709238 3.29716418216922 "1"
"1932" 2.90318341793429 2.85576640008257 3.00797036823016 1.43494054359148 4.01139680711599 4.93641827380008 3.18526391561405 "1"
"1972" 2.46117983206428 3.98013843145167 3.07095432674626 1.6006603589198 3.86960821345273 5.05169926056966 3.04489378594048 "1"
"1992" 3.30324271016831 3.40607677665753 2.74111785082075 1.08767079407255 4.13698347442639 4.96002660955352 3.13292658770816 "1"
"2024" 2.9365943081651 3.10240191355479 3.0828930944149 1.53444237511292 4.06567813510263 5.17602709170377 3.15610387949623 "1"
"2035" 2.61592363824595 3.3847069827494 3.20261842249833 1.40669816668778 3.98185319998846 4.80640391561688 3.19912111428989 "1"
"2047" 2.59121206241903 3.8034675826383 3.01852207038235 1.40644991105497 3.91683149975748 4.58025964966721 3.33214459463647 "1"
"2068" 2.60822781834879 2.93484693687788 2.85321214562887 1.54202040273886 4.20682331313714 5.23965025960513 3.33083050133605 "1"
"2076" 1.90790319861239 4.43217015560486 3.36188573812873 1.4250654706837 4.56828566125427 4.31135815062255 2.91872913539498 "1"
"2077" 2.11035461996623 4.07760018251703 3.22121270656347 1.46720445579775 3.749810314579 4.9254113025125 3.01995097144096 "1"
"2083" 2.98852293232005 2.80969150551905 2.92241446792373 1.50110224052999 3.78958205726869 5.31602593748557 3.27186642005972 "1"
"2088" 1.94645980817026 4.17040188702628 3.43036594789888 1.42287468104672 4.51392841144516 4.57688357202861 2.88745650039067 "1"
"2101" 2.52813526984001 3.94660182515484 3.13553883945291 1.43470181745639 4.00877574145851 4.84662995005757 3.20655499517291 "1"
"2104" 2.83101098158484 3.47573625304337 2.94554030740546 1.42624396935452 4.4020148280278 4.24304709816351 3.18558505619642 "1"
"2111" 2.71196867065088 3.56694888762856 3.05527744779229 1.50498202019071 4.28847192739383 5.55138042807106 3.06646584605562 "1"
"2121" 2.79385517328462 3.0633679564465 3.06477928203954 1.46649229164977 3.7385891739389 4.95753691482885 3.27942702929973 "1"
"2133" 2.47090847184782 3.2339305892102 3.16998649016598 1.40638447866132 3.91121604251553 5.13287558873076 3.26999643939255 "1"
"2141" 2.59914224512815 3.56659652310587 3.23796835607481 1.48401270953274 3.81384405373359 4.93123337183131 3.24506460301403 "1"
"2159" 3.101037380239 3.003149402317 2.95198723950306 1.50607230992114 3.92191632454695 5.11360338387755 3.2835082897693 "1"
"2169" 2.80029179048634 3.28004724950272 3.13776814850648 1.46237992941293 3.80210093747411 4.9035292893755 3.12529531008674 "1"
"2230" 2.78820915532747 3.09976053226482 3.03767817593371 1.45946680035842 3.74760758688993 5.06657665655317 3.23921185080698 "1"
"2237" 3.09392490173773 3.787830183032 2.51915263613865 1.45891733580331 3.85922196851362 4.63834572561003 3.2351329465319 "1"
"2249" 2.41402244939209 3.47060472324312 3.04686108616674 1.34750773366076 4.07457589344247 4.89534737782837 3.15781206814175 "1"
"2253" 2.8697580240174 3.18979786213171 2.9514145620689 1.46064015030795 3.86259017471729 5.10869792657531 3.17362366906068 "1"
"2259" 2.92544399298605 3.51245908006276 2.85663327021545 1.46429363057786 3.84253283350008 5.02040098667863 3.13509149411233 "1"
"2267" 2.56555195250353 3.40473725390992 3.10369185149835 1.47273090124785 3.84170470967659 5.05037696422176 3.24121966012518 "1"
"2284" 2.63196125930301 3.23923073526949 3.12617917972653 1.50748955218034 3.61377933522526 5.01356681837989 3.31972203915247 "1"
"2299" 2.67934844947782 3.14639620111701 3.16603792707944 1.49023386583831 3.55258390286014 5.10532738163045 3.29328752664786 "1"
"2308" 2.86238604996295 3.75941939930878 2.85823323099405 1.40181679492921 4.03813237146327 4.69439667783185 3.084961100139 "1"
"2313" 2.7222230734183 3.34342851476975 3.03993764427676 1.48957692390786 3.95924277368814 5.09765833508401 3.20347866038006 "1"
"2326" 2.85472517155742 3.14276872625296 2.95471368814077 1.48099138751791 4.02302530760349 4.63493482865286 3.15311601544316 "1"
"2332" 2.76204335371449 4.00157617102757 3.17181109227261 1.47589979085094 3.55828041319255 4.97584524414934 3.22433888795977 "1"
"2356" 2.37833845979678 3.42879214960577 3.27050949637947 1.47167668747306 3.79973741260106 4.85623093645963 3.36010162766076 "1"
"2359" 2.81774939396954 3.19385683474674 3.13125018150832 1.47716419462755 3.90936690107962 4.87162498480831 3.14726151790686 "1"
"2366" 3.2638720965006 3.73031887891845 2.74615047281229 1.5514377805036 4.63724267752277 4.81206279665062 2.99476018056132 "1"
"2372" 2.76843621551187 3.36318037100799 3.23636041914153 1.53815430645947 3.76277009986005 5.01918646441205 3.3483019801868 "1"
"2381" 1.83473128201349 4.44289708881396 3.23724535343217 1.42144574508152 4.19756720379528 4.85385912127263 2.92785081947784 "1"
"2389" 3.06503106323743 3.60910513404891 2.77228660382798 1.49088972566462 4.37717823426656 4.65506405998196 2.87740963472461 "1"
"2393" 3.2604871525894 3.73576524866247 2.7442947863917 1.556433401515 4.63598720983193 4.81467279692063 3.00130270434205 "1"
"2399" 2.75740025430541 3.36694052580178 3.25105001769753 1.51802935118704 3.75072696150214 5.04049093064627 3.35287493481325 "1"
"2408" 1.84115543756436 4.44205889444069 3.22858309236831 1.41389702153372 4.19877774671117 4.85770676942182 2.93246529548719 "1"
"2416" 3.04401052716592 3.62891692489366 2.78298679859294 1.49047894497187 4.38267593414388 4.66730028411501 2.8795822031242 "1"
"2432" 2.45123368934936 3.56571396246302 3.368752753524 1.45589533311007 3.6078724778114 4.93120450408548 3.29040659891806 "1"
"2453" 2.55558041524799 3.42461775836732 3.11114229555598 1.49434926494805 3.88695455219611 5.10828669209696 3.22008211718062 "1"
"2467" 2.801021058861 3.53933749960933 2.94198576985085 1.4985474624775 4.41422436607659 5.45835390770086 3.08071911229861 "1"
"2502" 2.52907622919964 3.59414804633176 3.32260116919315 1.47618359884061 3.67931421461621 4.86605279427852 3.24461558215737 "1"
"2523" 2.49826315684067 3.5225694582603 3.14722799013192 1.45821375867525 3.94851399043003 5.08931388102364 3.21775150921726 "1"
"2537" 2.73919285737556 3.6694746591587 2.90967600784513 1.4913860623973 4.48375522914986 5.3622440712208 3.06381915896472 "1"
"2585" 2.49565034659056 3.53721006542419 3.35065983273978 1.43027351571836 3.68243631194205 5.12918603250521 3.34757779072027 "1"
"2598" 2.92692876203402 3.1427590571289 2.99805902738051 1.50691034721477 3.64779033946608 5.15918236058741 3.39036254765757 "1"
"2605" 2.58225885496886 3.28627481116664 3.22197476967477 1.48461809443709 3.71738356315351 5.11067955595474 3.16634730414265 "1"
"2664" 2.65587089124523 3.29557231971835 3.20340556599098 1.45548310379404 3.80969310226699 5.11694394406587 3.07748367329114 "1"
"2738" 2.59381635546239 3.4066118771529 3.30101193503817 1.52864947024591 4.05411639345901 5.03865100454882 3.12445142594011 "1"
"2749" 3.19201053819751 3.2745978428858 2.62939461301162 1.52208928373315 4.49333713910318 4.67351400531796 3.06355999502409 "1"
"2751" 2.64754886466575 4.17351670632914 2.87109681372673 1.46934215251889 4.17999615391071 4.83781750341158 3.13124004114537 "1"
"2755" 2.80048367198431 3.26104974202049 2.73448689120682 1.53186361623651 4.34082695293834 4.96183169887911 3.65964913614838 "1"
"2772" 1.71221196105029 4.10808740190465 3.06237165269629 1.44367698114856 3.66474183237278 4.90386399116616 3.28249198454587 "1"
"2785" 1.51578510211507 4.16538883017565 3.20606267269751 1.39614552205778 3.87024707377213 4.87465496365624 3.03824334845209 "1"
"2792" 3.03083510645578 3.44963996789451 2.93975646079728 1.47936706194296 4.33882780045323 5.13515945677675 2.98000090846159 "1"
"2814" 2.64789210111644 3.46579360098695 3.15982560213989 1.4816209452324 3.96414109259374 5.08397526790764 3.11865232515426 "1"
"2835" 2.76554855081115 3.7431713439038 2.99786161318882 1.58518309327238 4.13672438029894 4.90459359115337 3.13921914543342 "1"
"2862" 1.52256727705539 4.31039567135325 3.23056901525769 1.47500520488954 3.81519425789623 4.83527400018606 3.21517226164866 "1"
"2903" 1.31268352816156 3.9838690727278 3.1239691565612 1.43296472615847 3.7613496811016 5.10580221590674 3.30888998476253 "1"
"2911" 2.48580770190027 3.41319552089081 3.24599606778253 1.39654623220075 3.69888602268881 4.9248646130309 3.2632766250664 "1"
"2921" 2.59127992082035 3.29580526881362 3.13434650032112 1.39639292247925 3.70463257161088 4.97862117287135 3.30539976259085 "1"
"2934" 2.58105798117702 3.34837891430023 3.13690787571818 1.4889820633389 3.90006562261672 5.08314923847926 3.07118025961793 "1"
"2964" 2.94793100705497 3.49869462818337 2.82253784439872 1.51595199049815 4.37398367087018 4.92164154840783 3.13431522402092 "1"
"2983" 2.9129420075678 3.45131010836232 2.95339898397512 1.43868984243732 4.16688736987141 5.09241115976753 3.1731095997828 "1"
"3000" 2.61684501501137 3.95395444350789 2.98820760368409 1.46824830231679 3.7457438021416 5.11739162101901 3.23821816505065 "1"
"3009" 2.75331147146676 3.27146745524601 3.11508042157359 1.44977184542945 3.93857352003518 4.97845414486193 3.24960874225452 "1"
"3012" 2.5756372852263 3.46820966027049 3.23204266655832 1.41216492187746 3.5252777380205 4.8357319222219 3.29295612352949 "1"
"3015" 2.8056806690848 3.46757015417926 3.17319560960834 1.41097486912699 3.60766045521387 5.04614111994034 3.34299956519949 "1"
"3017" 2.86480032901065 3.44257321701964 3.14638803297611 1.49645406221278 3.75913412524254 5.34465322930251 2.96762088665146 "1"
"3022" 2.74924200942294 3.11954244307278 3.13800994642105 1.44281920418108 4.24773161423574 5.16560040748589 3.31886555372864 "1"
"3056" 2.58237940486029 3.69549540645754 3.14901712714814 1.41958157636076 3.86242642792687 4.98648519014852 3.31399776063166 "1"
"3166" 2.64116055817772 3.38203647191422 3.11359739785488 1.41985702422331 3.74876130188538 4.96914771767774 3.22960798461166 "1"
"3316" 2.47103621249578 3.98485966925136 3.04153931547802 1.5187296645494 3.93896751066052 4.7961410305493 3.20980774784656 "1"
"3321" 2.80808136947092 3.26488538230443 3.02617528679247 1.4446267718742 4.02891369943387 4.71273986137751 3.09827232491823 "1"
"3332" 1.50422416332291 4.4410289581958 3.082114468129 1.45134819190326 3.88017944583926 4.98288581508543 3.23769961027659 "1"
"3353" 2.97565324093499 3.08610619320794 3.01323101748847 1.44550376491674 3.96875521953723 5.11841618164981 3.25791542738988 "1"
"3426" 2.70810667589524 3.23963858380909 3.10621922788158 1.41813030018114 3.86775319025725 5.0422025750437 3.1967084583984 "1"
"3435" 1.63266802188529 4.35728973620119 3.34209953381082 1.5140973512751 3.95159639896869 4.89001750881192 3.27193113686839 "1"
"3479" 3.2192244274796 3.35352679783557 2.62632173397068 1.42490074650889 4.27338605183117 5.02587854545639 3.13315882121843 "1"
"3489" 2.91889687898939 3.70240975518212 2.8601256565954 1.41181370927208 4.04226223935251 4.97486429929655 3.18314302641361 "1"
"3497" 2.68355200516808 3.26438829508017 3.23881976259052 1.38650708088999 3.50564854352209 4.92012070340423 3.26381661248368 "1"
"3498" 2.77107661941745 3.77590609358238 2.79387493041175 1.44182153907405 4.28665055414633 4.92453204054193 3.10009310475379 "1"
"3505" 2.89087114980573 3.84952542533502 2.72647563795395 1.37029363536407 4.22913715563767 4.66856475770479 3.49448833232619 "1"
"3510" 2.82863708945604 3.34586049145607 2.95270100935396 1.50218401305367 3.83289299606888 5.02321850659671 3.18169794615284 "1"
"3539" 3.00675282654396 3.16281981919145 3.24772221586604 1.46543971848448 3.89963045967432 5.14602914046536 3.144109348558 "1"
"3544" 2.80836807470714 3.65720358080049 2.9273884643057 1.5599384938919 3.8399826980234 5.05798618088143 3.17706331159063 "1"
"3546" 2.62135190892562 3.43375492352065 3.13906267666598 1.50928383791785 4.38477258072101 4.43277590702835 3.29512087285403 "1"
"3557" 2.55846092409877 3.12117191736902 3.1811695477218 1.40189449698751 3.76622649755082 5.03746320327308 3.28408325358479 "1"
"3696" 2.80451719769884 3.45646247739384 3.03313297204237 1.47472129218012 4.10355453749113 4.794501171544 3.32366150907361 "1"
"3699" 2.42196840987764 3.32032833162803 3.14778024721384 1.44653621443576 3.91247662402107 5.08154531580326 3.19013160399128 "1"
"3721" 2.58807230236115 3.17541521463127 3.19893136209362 1.38729525412689 3.68974327248187 5.06496187792922 3.23649030654447 "1"
"3736" 2.52985806689136 3.63632391025291 3.2131592163427 1.44012588189257 4.2211669525288 5.12281512694983 3.01550209227104 "1"
"3738" 2.93717131401581 2.16797389014732 3.20830117963624 1.38357569569151 3.97990186952485 4.8278273783995 3.50370738832802 "1"
"3744" 2.54225295890671 3.28671470395131 3.4546747890009 1.41679774129725 3.59178272376958 5.1895427119917 3.31647663431497 "1"
"3745" 2.66055392378759 3.05036328129708 3.20758603097524 1.41843568044036 3.61465838775632 4.95341718730256 3.27806897115546 "1"
"3752" 2.9201248751978 3.23222013163666 3.18282745343156 1.42642169623225 4.07201722330575 5.19652664699356 3.18719306294287 "1"
"3804" 2.79412124872909 2.9660943518745 3.22810392967546 1.49160058081567 3.98243647157118 4.97964801988347 3.15734006129884 "1"
"3809" 2.64340730307052 3.50608049505867 2.91327288708739 1.46592083594608 3.74287259589573 4.97448680203264 3.45243420512036 "1"
"3837" 2.60816332843293 3.5290735673442 3.18124220577856 1.498711034735 3.48211485550076 5.24639740578737 3.41463063532155 "1"
"3903" 2.22485734696905 4.45234631883755 3.10596800518905 1.45585625518812 4.22337257746443 4.86508523610109 2.9427624064614 "1"
"3924" 1.15922671031702 4.14717438211562 3.15745301900803 1.41043800584907 4.116582390613 5.05820167668418 3.12853886487523 "1"
"3937" 2.70478105572532 3.21586993956385 3.13957931157786 1.42292171767006 3.96145480398211 5.2835408222499 3.37752308537515 "1"
"3942" 2.83422863568724 3.0628690889864 3.09723929944056 1.42429368608847 3.98461836002898 5.33997967389798 3.61638076592866 "1"
"3946" 2.3895359686788 4.0383353008954 3.25476488119723 1.41823425199139 3.75893648415804 4.62434479907029 3.09417565319137 "1"
"3948" 2.89158214458312 3.97650969995055 2.90304440245937 1.47295407649931 4.44135159976132 5.00540621730293 3.10350243091464 "1"
"3949" 2.23278292200894 3.73463054030258 3.10652640582993 1.39664470367715 4.33815717514144 4.71687957292373 3.10659792942268 "1"
"3993" 2.44442798737071 3.31298759896719 3.19704010586286 1.3809880705425 3.88413980735154 5.01360757181793 3.33351008788335 "1"
"3997" 2.75196549100092 3.44527002996665 3.05502559678123 1.48665965842303 3.87457037650237 4.83441535055396 3.30075791981883 "1"
"4000" 2.87183733947506 2.40478372352958 3.09568298934656 1.52653488168408 3.7944353292263 4.81439509758335 3.61137149644251 "1"
"4022" 2.90554147992679 3.37232118389946 2.95690220884973 1.43441523439322 3.97394752170204 5.17087547316383 3.28524674242404 "1"
"4052" 2.76526917595778 3.10670270153768 3.07135482744972 1.44463958259091 3.60231833398607 5.06313647297114 3.18180407962465 "1"
"4090" 2.55407023420611 3.25269218053744 3.29008434132497 1.4140132779152 3.80354545922952 5.13058550731263 3.18585354019525 "1"
"4123" 1.53606094110134 4.42298317875468 3.19568211753176 1.48114670436804 3.97473285005227 4.87094224691152 3.20289634872842 "1"
"4126" 2.64428639050816 3.5925776339774 2.95724537548725 1.40610061831177 4.13247144924414 4.99255802837425 3.18771976840453 "1"
"4143" 2.63174932397194 3.6456457312411 3.17609662607783 1.47454436815385 3.86573023148114 4.89649767197848 3.0747738576412 "1"
"4153" 2.77749573096678 3.29932643567293 3.12453930326794 1.40442164647794 3.48984259746994 5.05345137915244 3.29164531144807 "1"
"4166" 2.78102485652748 3.40155689749364 3.07351523090442 1.4645684152153 3.85343201325306 4.84679954370099 3.23663061356303 "1"
"4184" 2.83841578528253 3.59326463047757 2.86098418405446 1.43291688668367 3.93023781007436 5.02265443363576 3.22786338839795 "1"
"4193" 2.48056091055622 3.2752572457305 3.13524377408957 1.45695249649129 4.01096211541249 4.98623682979596 3.21442538290186 "1"
"4220" 2.78142094154793 3.33127627588031 2.9427407120188 1.47366683405923 4.27362664546856 4.78501588301807 3.24518195895294 "1"
"4236" 1.280323238874 3.95195644294008 3.39935375092556 1.40598495534224 3.84471484413092 4.89611731237459 3.38149096925651 "1"
"4300" 3.17217211362838 3.63786777614935 2.66020363620672 1.47594122496739 4.22732422978375 4.98790257203407 2.96077518172636 "1"
"4331" 2.46838160161008 3.54183016139373 3.02556684756193 1.43427414197648 3.50899529962925 5.18546211474725 3.51360811757581 "1"
"4338" 2.66745439714462 4.07440970319109 3.05193334458559 1.49556795855155 4.00756741511077 4.97971298103822 3.06916112311289 "1"
"4384" 2.81751646232757 3.29382554184308 3.11232753119771 1.43843350593008 3.80113252408534 5.01887115322938 3.16431476350895 "1"
"4394" 2.92662249165688 3.98665796924615 3.17188465790058 1.43331007445756 3.82676174167309 4.95402183916862 3.31989430314964 "1"
"4454" 2.95046258968169 3.20781044541046 3.1188393720902 1.42914467166475 4.1591151569129 5.10734372560869 3.05052273457755 "1"
"4464" 2.65386166821033 3.49384537048305 3.07950937223418 1.45793981179585 3.774269690329 4.97572851652897 3.12344269544562 "1"
"4475" 2.94412606711257 3.22247859386995 2.65503728708789 1.44353124615602 4.12951969605329 5.10594072523618 3.39899211870454 "1"
"4528" 2.83864393472235 3.25321354529159 3.09584118598996 1.4555450280759 3.66966617413753 4.9456765822568 3.32405427796848 "1"
"4540" 2.70116660101749 3.79308823174973 3.07519369659277 1.44659129702695 3.84388218245138 4.96370733441305 3.09229244292846 "1"
"4605" 2.56230803119589 3.79802405778096 3.19830487615861 1.43837620677074 3.58978690486334 5.14866933493144 3.24817476228779 "1"
"4619" 2.44092279027406 3.60833755569718 3.16827742885585 1.4165906579815 3.83481613946507 4.88182048271347 3.16376926085124 "1"
"4627" 2.74074958634858 3.30267816596846 3.15126743251262 1.42014598093427 3.71467547537953 5.06375269637015 3.32247042657888 "1"
"4682" 2.36133094182109 3.71695709195079 3.22352910754672 1.45366668728161 3.66744861114982 4.93886468435931 3.15002561329653 "1"
"4762" 1.30589554127483 4.2605586148673 3.21327913791561 1.39947707634716 3.544355809901 4.84745563042011 3.15762894819663 "1"
"4769" 2.65934821543373 3.37499565663204 3.18184588026024 1.48068281330616 3.77312142076082 5.34106266815214 3.2312958052648 "1"
"4791" 2.40522829379665 3.23508282067578 3.12960093263165 1.44486246113639 3.7158107073382 5.13073197534346 3.41673532786653 "1"
"4804" 2.52390401577452 3.57200498429854 3.07002713803443 1.47419956090682 3.74017660325347 5.09594052967432 3.28962078187564 "1"
"4845" 2.5855057956961 3.63015727803318 3.14382653540601 1.4552769280495 3.62068148409837 5.11999566971628 3.20368432997911 "1"
"4847" 2.62317717425736 3.36928549782488 3.15499735820376 1.50087742466904 4.03615899749121 5.25862767834767 3.17921432517396 "1"
"4898" 2.58784603787693 3.33946946225441 3.17697799989679 1.43505760282441 3.75360630098233 4.81953324218146 3.35729892558803 "1"
"4916" 2.79884316720719 3.27124051008338 3.04320252698871 1.490995475164 4.03747172943481 4.79143265582619 3.24103284008205 "1"
"4936" 2.72188632959242 3.39953851148017 3.0987245920873 1.41521682206079 3.73184138198484 5.10864589831031 3.0545494360547 "1"
"4954" 2.90035228444805 3.30307514110683 2.91499844175896 1.45009773330738 4.39441868388423 5.13681350530886 3.05828285240435 "1"
"5000" 2.66746808052595 3.57432751138746 3.19811058610628 1.4457070957746 3.821972820005 4.8981260467173 3.08452591974331 "1"
"5019" 2.82989074200445 2.96412680730214 3.17416760092206 1.36964418089611 3.93433554645207 4.86141041045443 3.19970775435807 "1"
"5024" 2.58626302424537 3.41293363423655 3.19411069288644 1.37680523191046 3.61738019381822 5.03196274577555 3.35507780212865 "1"
"5066" 2.87309758936805 3.24940982707967 3.10304747593852 1.50965321940075 3.95853785265655 5.03496574183323 3.03445128903958 "1"
"5086" 2.49243927237944 3.30095453115907 3.23216578208375 1.38404365337055 3.62465928144988 5.06819101629809 3.20075737791693 "1"
"5095" 1.85924116759205 3.84122722249983 3.60912511806885 1.46278320518989 3.61237701553117 5.06241214387827 3.2718877130766 "1"
"5137" 2.73970333127518 3.5090761607335 3.22046788730519 1.42209347167352 3.8233359396041 4.85160984565241 3.15201253102359 "1"
"5175" 2.67005087111293 3.36652087883643 3.17286352581156 1.44291774547065 3.82462254396879 4.91228483828789 3.19935383649236 "1"
"5185" 2.80338514223941 3.2388734663716 3.26077651072609 1.44697476331691 3.81000762805149 5.05661962298371 3.28018204128085 "1"
"5199" 2.69816140584494 3.29863050308699 3.11143797178456 1.44117405682815 3.71467324135809 4.98765157623434 3.14859004508018 "1"
"5208" 2.65933795289773 3.22475326403078 3.1029740150303 1.4222689994364 4.04271618203766 5.25422831416863 3.18895015571402 "1"
"5262" 2.2449442366105 3.44423925596372 3.1374484390941 1.39828292207295 3.63356349750795 5.11041360268332 3.24860934927154 "1"
"5264" 2.73680582291748 3.40141648575532 3.15652347410171 1.53640035528097 3.79678014416977 5.1055279199615 3.10113771921769 "1"
"5266" 2.38966491360394 3.30546175668588 3.27962735819128 1.45096889695022 3.82867589662363 4.97279768983585 3.30512647893657 "1"
"5274" 2.87042039392183 3.29058176016179 3.05166494785322 1.49356088227163 3.5685835106461 5.05183803169848 3.1929266266153 "1"
"5278" 2.06420382103354 3.95912124641232 3.36049694473634 1.43003252065524 3.7690969707584 5.08767346351299 3.27253901759357 "1"
"5309" 2.70956887783598 3.53902072235009 3.03461140554515 1.41178883833024 4.15752680257383 4.68037199736099 3.16888003868668 "1"
"5345" 2.6701564111728 3.45855313749164 3.14247336418364 1.42463657347331 3.72781235921978 4.80647229761697 3.26146956351876 "1"
"5362" 2.75552234984344 4.02022154087992 2.97264136115141 1.48090434794811 3.95211315605362 4.72461284758664 3.35094877199745 "1"
"5373" 2.69309670470175 3.610903451497 3.02982536367033 1.4363656747389 4.20413541882261 4.8999385536922 2.99877246561885 "1"
"5376" 2.64173332287835 3.23328363056307 3.26624101444104 1.37646620170326 3.58464153460212 5.10131115212881 3.3338025527061 "1"
"5381" 2.54522970521245 3.23312304281859 3.28034529937908 1.418511672076 3.54395208033843 5.10750180007904 3.25620706421144 "1"
"5399" 2.71763926284391 3.3589351194019 3.1085258899276 1.4104171840711 3.85490674665782 5.14413427140306 3.38326626581176 "1"
"5437" 2.55859246956449 3.40627089217694 3.39145006231448 1.3872672415924 3.40648089019254 5.06459644089044 3.3753861216923 "1"
"5461" 2.73701084674472 3.4467963727574 2.92704974825776 1.48877426443816 4.05353692669406 4.97198073611958 3.24907507292914 "1"
"5464" 2.65303069950016 3.35441565911703 3.138705163422 1.44309119629171 3.8786076197682 4.88296927588042 3.06290603760666 "1"
"5466" 3.10139084431911 3.62270290698474 2.65297964861954 1.59779562784545 4.10579407417411 5.04862690512749 3.45596807797663 "1"
"5542" 2.82689902077373 3.60675796291095 2.93353053974286 1.45309421928696 4.30297376342889 4.50494776741915 3.191391539725 "1"
"5549" 2.71798808434821 3.46568893359171 3.06250592087564 1.49317465836146 4.35504080964682 4.81643235060603 3.36231699153361 "1"
"5556" 2.89885247066193 3.45352922469306 2.84688515255746 1.47906447421054 4.40295316939355 5.26498359152478 3.26087341140616 "1"
"5615" 2.89289978090191 3.0949789409796 3.07701602977136 1.42586755419474 3.90358315919119 5.34386566693084 3.17641930254994 "1"
"5624" 2.91055767837006 3.05526940182444 2.90974789795702 1.4785367739112 3.9556908715807 5.15379887505634 3.117849334072 "1"
"5701" 3.02026179712745 3.98976243874655 3.10205745537362 1.4255990876492 3.86285864126283 4.72131747397265 3.41902514748527 "1"
"5703" 3.04961128873557 3.22240071727872 2.72792604146894 1.42476270841835 4.35153473988554 4.98305389029239 3.5079346979494 "1"
"5709" 2.46162818969583 3.59438387522029 3.33650001142494 1.49376004179257 3.934677543719 4.75769891459035 3.04247044863396 "1"
"5760" 2.50200676591315 3.38886351926961 3.19584059342785 1.46884262183367 3.72026813862145 4.99174458276977 3.06789109937609 "1"
"5782" 2.72909701777069 3.13038872189613 3.13988221346955 1.48954517636876 3.85413122705799 5.36473565090107 3.33455620333041 "1"
"5814" 2.54359546616734 3.54436511250591 2.93913273248249 1.51927274119945 3.83164637719735 5.03130278442549 3.29798668603251 "1"
"5821" 2.55520045706983 3.7560332336671 3.06187456547203 1.48627509257564 4.0987092416882 5.00892848371967 3.14816212525418 "1"
"5827" 1.42840355250448 4.28171935323762 3.14785583742374 1.52651299525526 3.83379231187255 4.9962888616366 3.21377180945686 "1"
"5893" 1.40439124284237 4.09939670942727 3.20401205045276 1.50668739885612 4.1275580681471 4.9449978237107 2.98355439881865 "1"
"5911" 2.50746880871385 4.02060628126023 3.0640523174995 1.50594422020733 3.94245731395318 5.00246751917488 3.06560204770222 "1"
"5942" 2.8553304691953 3.50910497611945 2.84006299212397 1.55820492815906 4.15407895699639 5.07980567632463 3.54335004646625 "1"
"5966" 2.68888201381086 3.89411055920892 3.03528135017853 1.38725073077767 3.86817056829457 4.97829523263354 2.97782198706352 "1"
"5968" 2.73265124116604 3.69892972573328 3.13448949514673 1.4751868238515 4.39694298848797 4.24000573976886 3.35690645339913 "1"
"6010" 2.69893366167907 3.07545795689482 3.04200657502536 1.45054331586541 3.87254788896516 4.795896265575 3.18358761413397 "1"
"6027" 2.77696923494462 3.74190618963561 3.05131994861998 1.47045584711459 4.30867259504921 4.59540418574603 2.98495762608396 "1"
"6058" 2.78246405502868 3.68684974347487 2.79411611746109 1.50022222806784 4.32791855015047 5.24732670634759 3.36314178177822 "1"
"6070" 1.57590499278195 4.12715957457228 3.3757207187632 1.52034536819785 4.03140719897632 5.00914996600175 3.37256156809733 "1"
"6118" 1.40078746954956 3.83970651712257 3.45549765938334 1.48214059956389 3.63239629111739 4.93628157961307 3.53335217219229 "1"
"6125" 2.42498606670105 3.40007677102149 3.07246468232106 1.47321638203259 3.67519799520172 5.28958283796104 3.3332290375139 "1"
"6127" 2.13265453473933 3.77744573578203 3.48591951619047 1.40362774856108 3.6767963677307 4.98944622849099 3.20630050871468 "1"
"6154" 1.5855498393081 4.19699255413906 3.36443189425471 1.46658166996076 3.93898765176009 4.86765336592235 3.26886890433589 "1"
"6174" 2.56466679132009 3.72990198957332 3.25677174803763 1.42288410582468 3.93266706404704 4.88838086121245 3.07933014437329 "1"
"6267" 2.59104089797929 3.29756562535047 3.13921602129406 1.47811881991522 4.03634019757416 4.89206491965085 3.17996972112752 "1"
"6294" 2.7889324023162 3.89480930177496 3.23753663143104 1.48721285798274 3.56861354776252 4.98846170571323 3.36686154965312 "1"
"6300" 2.81813809624725 3.49891061267831 2.76772834487384 1.41621220078649 4.23790363031117 4.67087108813825 3.28745629435048 "1"
"6301" 2.0453834470171 4.10141170950199 3.5663288245052 1.52387871745534 4.06615680910328 4.81962394694269 3.14793392345448 "1"
"6324" 2.93970033100853 3.73208827626083 2.46969499677879 1.47667997047988 4.49143747038543 4.85821762729388 3.04406850700367 "1"
"6391" 2.3793659874873 3.28395830546364 3.32344657177623 1.4339836144692 3.75875812896178 5.06844813820349 3.16781838980928 "1"
"6405" 2.89563975584132 3.16742630159282 2.99630265019436 1.44068524246454 3.91178463587924 5.26336319294064 3.22577546846709 "1"
"6435" 2.68578157602104 3.76691232468039 2.97508422869225 1.48668594308156 3.84079006988208 4.97370810593357 3.26509061557117 "1"
"6455" 2.77688538932736 2.64992013880068 3.00669683638156 1.42709040168186 3.77325029587279 4.92091355412353 3.24680740153861 "1"
"6458" 2.91014218528833 3.6047257713431 2.79793474078482 1.57066684081769 3.49780739005812 4.9943468686845 3.33359716235973 "1"
"6467" 2.59630048258676 3.63960944020991 2.97200325132359 1.53431995771918 3.58824282952739 5.19621838694107 3.18970960083144 "1"
"6476" 2.33448584060994 3.43121185662745 3.38508341536247 1.39392012254174 3.86941202099151 4.845411430987 3.35813617748351 "1"
"6532" 2.86021623918358 3.4779066397814 3.07191881314421 1.48984629802461 3.9992738373981 4.9235808186463 3.15942190748391 "1"
"6595" 2.92355310327444 3.76527045854645 2.7504666196926 1.48886786644594 3.97194449458599 4.93513610257169 3.12039220897899 "1"
"6609" 2.87319822505272 3.24763453052442 3.02310750411295 1.49633120848674 3.60500566979525 5.26041831634704 3.30416783939162 "1"
"6633" 2.39525825752426 2.95233112172558 2.96147751967066 1.46124419130878 3.60451517991556 5.12854130787952 3.54577228421533 "1"
"6637" 2.57658498155684 3.6571977339475 3.09715655338073 1.49475749746009 3.94838419029356 4.94565434676213 3.73458298008046 "1"
"6638" 2.51812624291213 3.88067264097928 2.97493756867521 1.49340083557922 4.16211307406246 4.59309979262803 3.57309553582835 "1"
"6640" 2.80898846944306 3.52855380829295 2.89288838390189 1.48258145227965 4.03109665254251 5.06435338633881 3.52438613657212 "1"
"6646" 2.84101665748056 3.1102758792087 3.14155722340598 1.44179333455334 4.08346232459546 5.3074887467159 3.15200104675711 "1"
"6656" 2.767750370929 3.45424411155468 3.10974172119113 1.50906017397421 3.60243567247168 4.90423881807631 3.07986372643221 "1"
"6668" 2.98989797251794 4.30540368062669 2.95764406104829 1.45783547601317 3.78727272486892 5.09742744547727 3.11296860808526 "1"
"6670" 2.61959722470884 3.24726483488227 3.23726928189622 1.47478426365953 3.64241352109275 4.87835050636112 3.27533599498635 "1"
"6681" 2.45873918109158 4.08003640035343 3.19229322917646 1.45054741738915 3.7496404416829 5.05058828868759 3.17449500723644 "1"
"6702" 1.77725322642219 4.37647711805274 3.32276268196212 1.51451438024657 3.70753557775572 5.07090488111189 3.39298904128902 "1"
"6704" 2.51600414943451 3.5066728598068 3.1351750953835 1.47370311945438 3.68455362321753 5.0403235710243 3.24281742178892 "1"
"6786" 3.14817348734761 3.10773001978869 2.9771516584577 1.49097154669996 3.93832392049885 5.06070482789739 3.09544347781331 "1"
"6792" 2.57526031156116 3.4282229977367 3.16242081947115 1.50212599830933 3.40883163925546 5.26070826789568 3.16912700277584 "1"
"6827" 2.68885717777561 3.63039961699982 3.06472847550501 1.52880244835485 3.87401499528109 5.03637636929457 3.35599413489253 "1"
"6832" 2.43107220433568 3.64913309107281 3.26597457247743 1.43790896467669 3.81920865480215 4.8586394384675 3.1384473433849 "1"
"6835" 2.66706400189753 3.34312200004652 3.21860434690295 1.47291718023892 4.03635173420051 4.54075131206822 3.47277320757226 "1"
"6848" 2.95066918430525 3.11893747704745 2.77692537482052 1.44217758624146 4.35249620686388 4.83021565204134 3.2353851640621 "1"
"6852" 2.81815354241113 3.31413021366859 3.00316708250233 1.46602037207332 3.89497015131882 4.81599778107558 3.16972385302015 "1"
"6952" 2.14248658528106 4.30822846111446 3.12171141609411 1.57066626485904 3.6034373169294 5.18082924296759 3.22036966017488 "1"
"6978" 2.03217081588731 3.72462186244055 3.65391309410841 1.4480035476445 3.74635239845177 5.01588201508596 3.2965937387565 "1"
"7140" 2.84282059488883 3.32120452181911 2.70958544101058 1.43120742394781 4.23963656772548 4.94822504221739 3.24567176815422 "1"
"7164" 1.14528098854152 3.92497129650976 3.47164830796277 1.46466215684942 3.71135573696919 5.07650244872901 3.45001078054738 "1"
"7189" 2.80365345170532 3.51620659867277 3.00389088799642 1.49085766396626 4.04838262034707 4.74880768378192 3.02458932355447 "1"
"7190" 2.36253364820864 3.58314641575169 3.17260656098579 1.46993985797453 4.00072054081507 4.95741837206605 3.28028677848926 "1"
"7200" 2.90364692502375 3.12230961024194 3.07744733553612 1.47801212793805 3.31118278889429 5.10515672333619 3.35791516644032 "1"
"7201" 2.82144198706798 3.12605222447674 3.07167776572121 1.40764345446395 4.07215177073779 5.17695808523337 2.9478942853275 "1"
"7208" 2.13643722173377 3.1746988093332 3.2516100764012 1.43288341126862 3.43925169837347 4.92633726949386 3.24488020897856 "1"
"7217" 2.89071345930781 3.15978573881978 2.95802007478234 1.50718672010183 4.14470966305254 4.80285712732414 3.2143186560181 "1"
"7238" 2.63328758736148 4.00037836901522 2.97679948592124 1.4597979416774 4.1663152683959 4.73204246986628 2.99506507212835 "1"
"7250" 2.68579634150651 3.78969974482016 2.82736530293669 1.51040969745844 3.93648483215944 5.00960619506822 3.09626716850049 "1"
"7253" 1.68859542224937 4.44691415607364 3.22061802052744 1.55925605270108 4.34007417497866 4.78465665935142 3.01189472359997 "1"
"7256" 2.86908945819414 3.47899975694521 2.89158991129829 1.52997098119565 4.07914392624042 4.74882916878501 3.23722364153628 "1"
"7262" 2.8571607261687 3.49538885240705 2.95775974147111 1.50717486931621 4.3816532061088 4.41462628049674 2.94945595358231 "1"
"7263" 1.97147360521046 4.05001108235235 3.34561092682632 1.4513590653045 4.05386920247705 4.9833929030463 3.13717489364044 "1"
"7275" 2.9356220201454 3.66338857388395 2.67174144938629 1.61408159180178 4.62533942730441 4.97769782388387 3.24727544648412 "1"
"7281" 2.08340481645326 3.17236057428101 3.33591387750224 1.44441954893211 3.56867433758037 4.81892986440576 3.25185278188698 "1"
"7289" 2.80252816812339 3.20279787725202 2.88061032422667 1.44888284452165 4.52949997723207 4.00295304382118 3.06276246682239 "1"
"7290" 1.93504743180403 4.2589486184455 3.32896453492616 1.53143845403072 4.43829202012928 4.62010530705073 3.01245788898971 "1"
"7302" 2.75933285738615 3.26127024691819 3.09687391476166 1.42382316277542 3.63165620170137 5.00017729813042 3.21774875159704 "1"
"7311" 2.61215376196823 3.79336558202117 3.07869863189004 1.44475538518678 4.3754573221708 5.2870844340434 3.060302442695 "1"
"7323" 2.63511440603625 3.90393561098034 2.92816211640323 1.50999286047318 3.88081486786003 5.12220075359983 3.02217473034751 "1"
"7326" 1.94908974010034 4.29216455539886 3.14921377339497 1.54885720648477 4.15857162647724 4.94007248710828 3.10986698347154 "1"
"7329" 2.85680867580528 3.21397507050155 3.00346958296828 1.54313245672506 3.9817737700542 4.99450305819926 3.27610016994604 "1"
"7338" 2.77041349902145 2.97059744097098 3.1681062818694 1.43742793448155 3.60579822380857 4.99599479111094 3.44474543635338 "1"
"7339" 2.63298707657087 3.25041684715149 3.06925481238713 1.47373366271629 3.67944333407427 4.91505149931156 3.42314927324127 "1"
"7340" 2.56491564036484 3.69020337617928 3.11048966458878 1.48095810408907 3.9453589587412 4.88909785992246 3.37938100581719 "1"
"7347" 2.76735023674469 3.5607111506951 2.87410118859453 1.51162060689347 4.04696759465601 4.95612293633534 3.29357505218883 "1"
"7412" 2.55635253145578 3.51403392555342 3.15479701185893 1.52673721770426 3.78967806783085 4.89729162225521 3.15755335798672 "1"
"7422" 2.51857240142882 3.4841902265143 3.16633573260971 1.49037782059501 3.82179251003998 5.03113607057534 3.25598835700288 "1"
"7431" 2.51357719929644 4.05784823901233 2.99959488221568 1.54491276237526 3.78273347255033 4.99537008541177 3.15596545743326 "1"
"7465" 2.5773632238703 3.82840128651912 2.92573771444587 1.50374597801445 4.13069220824478 5.31834979102472 3.07308481525759 "1"
"7470" 2.82561889158056 3.58684359906607 2.85874045858126 1.48162953225232 4.02465275731781 5.01900536904886 3.29370617877554 "1"
"7481" 2.86500233341828 3.26137088260286 2.97954244537367 1.52561685595082 4.09314713916148 4.84136603703356 3.12672283233524 "1"
"7488" 2.60895164129618 3.83594425048038 3.09709532723057 1.43473511833852 4.11147934458614 4.71493236143716 3.21473875676905 "1"
"7496" 2.65887064099051 3.56446687235259 3.14391697836784 1.47736269092338 3.7717130796808 4.90540518670884 3.15824215217602 "1"
"7503" 2.50517699941976 3.52134538904271 3.1339118435242 1.48879943208597 4.19134824660458 4.42842850130114 3.27384749093379 "1"
"7504" 2.12648057213674 4.09640078195305 3.19455638016423 1.52621414252744 4.66614784320992 4.16941378632355 2.9688355136378 "1"
"7505" 1.81260740114875 4.06207399529068 3.34596847497689 1.47585966573144 4.34968212524443 4.73246791132475 3.06132534526301 "1"
"7511" 3.18920717289967 2.77364630258175 2.93377771327152 1.54258906591574 3.89308449759497 4.46781316486934 3.42765182128569 "1"
"7568" 2.42652829198799 3.66480581614316 3.20008067885935 1.54720905716553 3.79546194934561 4.92040124762819 3.14686021435194 "1"
"7587" 1.78913120427298 3.9394069322063 3.04393504167577 1.53120459736425 3.83370043774073 4.95775445266682 3.10587115686886 "1"
"7621" 2.84967183250766 3.89377062143051 2.83494429049372 1.53212724822002 4.09483564049303 5.23363192801194 3.16158028635668 "1"
"7626" 2.71984521939209 3.5638149046105 2.93589858501867 1.46306465698507 3.97609685976929 5.01154237607392 3.25011871000866 "1"
"7637" 2.89097066847968 3.20588407315515 2.96080062862686 1.43503964338641 4.07576004698007 4.82423489738695 3.16095650568202 "1"
"7698" 2.52073620827557 3.51206423422608 3.29243882539249 1.59367424225638 3.80504104931885 4.84978047879694 3.25605635503053 "1"
"7705" 1.54146156576566 3.87114338760949 3.22522186748165 1.46645499396365 3.68925932758688 4.80277785446952 3.24039872705821 "1"
"7736" 2.66029069322981 3.42523581436203 3.15254784095847 1.49347349363598 3.74995456604167 5.13817617112235 3.13504986800967 "1"
"7751" 2.67763963251377 3.24913465846981 3.22979225647409 1.43191859325812 4.04252356750141 5.06915958676648 3.11007703384702 "1"
"7755" 2.67323953529645 3.39848520527659 3.11587327229289 1.4807895750965 3.81020326200735 5.07953270682962 3.32133287333231 "1"
"7765" 2.90726221748962 3.31803549258968 3.1166318098391 1.44011176217892 3.61053796209834 4.58340792693183 3.34532158614293 "1"
"7770" 2.77113330771156 2.67896822950027 3.1285608734771 1.43115246352966 3.75306662772432 4.87915534749238 3.21988150903639 "1"
"7801" 3.01712582443405 3.7964832811173 2.7965448303817 1.50741905833185 3.96075962188775 4.81299845020932 3.0551238937247 "1"
"7807" 2.75075882271597 3.72178870437238 3.0359713835516 1.46523600365418 4.50959296122333 5.4990045109354 2.92147317695155 "1"
"7856" 3.07943416599671 3.2232344610624 2.8068587488766 1.52473876335085 4.50275650654327 4.66616885697411 3.00915452176776 "1"
"7865" 2.8374748259229 3.23867873998696 2.88213664956413 1.44632546592858 3.75584721647543 5.30157766560525 3.16656184001431 "1"
"7867" 2.38561508651419 4.12140122722447 2.88657912337569 1.42022907605996 3.68482746537716 4.97213376658839 3.31235762237368 "1"
"7872" 2.98538976960675 3.49283857730403 2.81239481109088 1.52420626339606 4.19770656833605 5.0594149423137 3.29621299518018 "1"
"7894" 2.52054670042538 3.32488133714112 3.14527053356264 1.41125651290838 3.6715655461493 5.17348660789786 3.33822746850539 "1"
"7900" 2.24548235652547 3.2918781034637 3.57534983799681 1.47457815772816 3.66775329327734 4.96296611053303 3.25720376938738 "1"
"7918" 2.62921884090265 3.37748906890803 3.10473978208784 1.38615632207021 4.44758727720626 4.89448382382107 3.32184158444939 "1"
"7938" 2.91963506599652 3.62514385466341 2.86856652264365 1.46035122850358 4.51651469269065 4.72180761478649 3.22688836021133 "1"
"7943" 2.53238399465131 3.80012506768122 2.84981222679269 1.46349193103925 3.96416196673159 4.85590857414678 3.09768549286383 "1"
"7971" 3.13104004386638 3.0433656454606 2.9716847287351 1.39829629129502 4.05452958270613 4.96611538263532 3.20437713842569 "1"
"7997" 1.05932963153318 3.97348439858502 3.17612968261386 1.41292164428125 3.38312677909794 5.17238532259314 3.41237926530624 "1"
"7998" 3.12264893715511 3.51330404631353 2.68723850706743 1.34271907379206 4.0666245922494 4.8434283529843 3.14697549334904 "1"
"8002" 2.76478446311792 3.81926855450208 2.82839213249552 1.38191901171222 4.75454171869325 5.49266800581958 3.10478992539725 "1"
"8004" 2.72696150271112 3.11946784770055 3.11628342466711 1.42976042382485 3.65736978850516 5.06660288885182 3.22440796809156 "1"
"8031" 2.75055259461155 3.38980608433215 3.15547437414163 1.4819055909801 3.72031137042703 5.02448769257547 3.15967620195592 "1"
"8037" 2.79640928811199 3.20030439516287 3.11126041943975 1.41491535133909 3.66547638909507 4.99190845173324 3.361956755576 "1"
"8063" 1.02149064900385 3.9513285083818 3.26982789294669 1.50148916257186 3.51884606010056 5.23553756575573 3.42196400269295 "1"
"8064" 2.81298255071649 3.2552747791382 3.03608139165435 1.46992573826088 3.87572728545034 5.05329758073875 3.15260995722654 "1"
"8070" 2.92269572773269 2.89518165927255 3.07056349516686 1.47015071120146 3.6546114701553 5.13149985040116 3.29047965840054 "1"
"8096" 1.16840407040303 3.86847968355839 3.12248039070924 1.47809808540371 3.92283017894329 4.85035085239649 3.44301091068946 "1"
"8097" 2.00584589260643 3.80658311752615 3.6944452942065 1.57853066610865 3.95203123029853 4.95404911866483 3.12968469098246 "1"
"8100" 2.91455184690996 3.36377847788935 3.02318440331979 1.41490608364076 4.26726211036494 4.75334855925671 3.15805805484652 "1"
"8103" 2.90801983001132 2.97361453928903 3.09376160873292 1.48867567078871 3.72836632672437 4.99511175922918 3.22888730325693 "1"
"8129" 1.23582064162043 3.9029804620939 3.03997501177604 1.52588513051014 3.86104295778869 4.57458279174217 3.4264555202565 "1"
"8130" 2.28459991490494 4.08030973636758 3.30694701442604 1.41283685618618 4.06754736527822 4.80766901752518 3.03358752559276 "1"
"8142" 3.0240523730101 3.68070902939453 2.50721449678854 1.36618102878114 4.11746708055755 4.55614967138016 3.29832205104829 "1"
"8199" 2.38492187664189 4.16084512726747 3.09896747210601 1.59346263853787 4.18535160945399 5.04866907228222 3.20991238033522 "1"
"8218" 2.24813167906354 3.49850967564254 3.47019614166523 1.55298161149345 3.95504934090754 5.14308010998815 3.1752924132651 "1"
"8224" 2.01707235650074 4.28617565005686 3.03892938502117 1.29658513473994 4.16125004365393 4.7473447488029 3.21344801597403 "1"
"8251" 2.48887424539603 4.12283873275629 3.07751231414417 1.51006082359426 3.63056716860801 5.05387420261703 3.31275299180914 "1"
"8263" 2.70108608897909 3.28034489795336 3.0949919960424 1.46901923170068 3.93221818281672 4.94241683081285 3.18256698049399 "1"
"8286" 2.56951861465441 4.19640462252724 3.03537844284482 1.48365261320147 3.70521273650753 4.94473427899365 3.19494623435925 "1"
"8288" 2.62044233058595 3.31876689026602 3.10694242251044 1.44401362025468 3.80198665331469 5.00880163318964 3.22884232612211 "1"
"7" 5.0567293169272 3.50936948076759 1.05883175891076 1.44306257289198 4.0872620285501 4.53458375482399 3.7518479864807 "2"
"19" 4.72391918392873 2.61080244079487 1.16743782122254 1.4788954041659 4.13592339634532 5.39944208158234 3.04032009827575 "2"
"70" 5.43765962602643 3.33263203018996 0.96216826908538 1.42868865203779 4.20294742556065 4.60062692645299 3.4398937351921 "2"
"82" 5.27703304797457 2.4749022215087 0.824573439815278 1.51724978242334 4.1316758758112 5.30246197157736 2.95323382346801 "2"
"128" 4.77325307944462 2.74315739022476 1.32864425001179 1.42405642602995 4.40767536712433 4.46446885222313 3.31334776511163 "2"
"129" 4.98367702519523 2.15816156182614 1.24349335335829 1.41168059301003 3.31795419515313 5.37966210808986 3.15321640678173 "2"
"130" 4.82286762390423 3.753487129901 0.82732802316053 1.47805755885848 3.85552714139373 4.5556791829737 3.41793857530615 "2"
"131" 5.55542226155283 2.44145736717065 1.00695488376813 1.43184075157348 3.85925980725181 4.17994628985398 3.29314311810555 "2"
"132" 5.98273275820834 2.13701042276671 0.851734323447983 1.42986381712974 3.57092562032922 4.98682034572478 3.26467828153539 "2"
"178" 5.82962717042247 2.71543967674749 0.547132481072925 1.42406534466243 3.89068503639262 4.98994404875354 3.68885015259704 "2"
"182" 4.83862515452294 2.57437804762428 0.915714236648449 1.49014050817662 4.52933001706951 4.93769381277732 3.52229139240387 "2"
"260" 5.48319877432276 3.35395094775039 1.03028305927004 1.57176309957416 4.02813831946038 5.22977591973563 3.21943386698984 "2"
"315" 4.41247191588125 4.17827805179504 1.2876902038335 1.49265172281097 3.45944985275473 5.33350886569621 3.09300994778396 "2"
"400" 5.17995999918692 2.61552090352105 0.728299193319678 1.4753018585025 3.6117842842639 3.94968496673178 3.42031717982394 "2"
"590" 4.91689673120994 2.41474716245739 0.911487974224622 1.43935551101403 4.19555733498856 4.39552878310166 3.21624921706361 "2"
"591" 5.77466708388973 2.36090005493535 0.671416644069155 1.32419050137326 3.94349299233131 5.1501370870192 3.38354387788258 "2"
"638" 4.83718668906003 2.75536614287538 0.426666156002262 1.65092800558551 3.74433937059911 4.74393379948585 4.64929168018696 "2"
"639" 5.20015187038288 2.76896525971473 0.910962542853309 1.62650580534857 3.73978044841985 4.78121518422575 4.47264128663242 "2"
"643" 4.88704194933007 2.71612791243143 0.448739300145649 1.64731430136925 3.7107481180434 4.82875917478056 4.62136487626531 "2"
"644" 4.93047733010593 2.79063708284992 1.01758352003375 1.6147162109711 3.73105532059633 4.78095579339232 4.43358739786407 "2"
"648" 4.90352171464655 2.79299603496033 0.299597023478502 1.60255318594688 3.72098417740038 4.82841075470198 4.65048358298644 "2"
"649" 5.12377423773367 2.79659462462526 1.00058022575485 1.51164354051984 3.69435375168723 4.83141654328647 4.42357596238183 "2"
"653" 4.68013855957354 2.82274464846179 0.478015732271283 1.57929367169774 3.81052661915786 4.81778417792487 4.589033838696 "2"
"654" 5.10504250898994 2.73555002361409 0.964838500667884 1.57516245990498 3.877822710297 4.75980109386121 4.38022653907163 "2"
"658" 4.75600533435068 2.79936886037789 0.492448104202119 1.65764441651962 3.73911261563487 4.75209440056281 4.58708587671785 "2"
"659" 5.02122767933213 2.80506669716053 1.0646346121545 1.68068283245911 3.79665748242994 4.9209311295891 4.39907057975274 "2"
"663" 5.09470197422394 2.61127024139428 0.345745518576579 1.77948281472844 3.65971366097083 4.70381409050318 4.65553330920465 "2"
"664" 5.12464330698141 2.7555077239843 0.983093143660588 1.53592881967696 3.73330618446616 4.79566007016733 4.47421927371573 "2"
"668" 4.92153766641075 2.72233165035106 0.397129024046259 1.70543172342544 3.71779280795652 4.74598784257593 4.63002174426178 "2"
"669" 5.1323329833196 2.77755405987038 0.956934323364622 1.55305596251959 3.63692191241452 4.84223880637931 4.54979122747563 "2"
"673" 4.79063847865666 2.7546227024272 0.433051233631173 1.69325895946399 3.6316162511148 4.76134715887251 4.67431270289026 "2"
"674" 5.11229379352661 2.75696324131401 0.935677399899222 1.61564202087282 3.75112732257926 4.72308243817873 4.45608795568798 "2"
"678" 4.87415538061114 2.72632126358161 0.41171892939538 1.64735847565262 3.73371663354636 4.74198856022133 4.61353302540625 "2"
"679" 5.19097286968737 2.72552663262647 0.898695286766157 1.59504910792134 3.71852589860224 4.83081300843113 4.48967709639529 "2"
"683" 4.79136704889961 2.75708766583638 0.416990452054934 1.67347298203888 3.69323560650194 4.75926197910856 4.65703610750378 "2"
"684" 5.14639031890077 2.74419242283107 0.913403333452346 1.57533776077505 3.69420744073603 4.79109186283645 4.50669604627758 "2"
"697" 4.6489880103504 3.65487408984785 0.82058695072409 1.47659490313214 3.77871249575312 4.40874720872457 3.46562742818887 "2"
"772" 4.74457252017891 3.68448696909339 0.558168808798523 1.40726042450631 3.62852696597889 5.18808787534041 3.83725188606256 "2"
"782" 5.57399776587522 3.08477483860123 0.495946529421279 1.55519636450106 3.93342460675558 5.25207195987779 3.29401834836555 "2"
"807" 4.68999679005404 3.01432451862472 1.3682087523061 1.27762201024398 3.85585849215223 4.28164482767856 3.33010906948974 "2"
"810" 5.12233727325392 3.39140272898517 0.915553579090802 1.70255824825154 4.13078394275026 4.61437402975961 3.31471107669695 "2"
"818" 4.63482283087475 2.81315500669988 1.48967687891412 1.37912877129035 3.56217385878132 4.22409196727551 3.13249514231706 "2"
"824" 0.044955824353727 3.08136003210653 1.0934299791784 1.41731184548171 3.65712535514342 4.82289582842494 3.1953602613644 "2"
"858" 4.99513193523534 2.45409297499644 1.52596567745512 1.18552634377704 4.06679984075959 4.88021959691037 3.13799404647157 "2"
"869" 6.04648460923545 3.08288508335363 1.21739033123851 1.43344912483907 3.656203262793 4.83927055982703 3.180528575554 "2"
"911" 5.37407330202558 3.29907742954855 1.03787817366936 1.46263102993241 3.76672827971077 3.9518805734775 3.5141543707251 "2"
"934" 5.23334553693498 2.87049207459421 1.10910074947999 1.62217937847897 2.62001718583345 4.49854610916234 3.83544981615659 "2"
"936" 5.03262965353603 3.36114800490721 0.946588378077942 1.66017201979565 3.40074299810356 4.93692234234135 4.35142588370009 "2"
"1002" 5.41185564862069 2.58642249497912 0.989092363898468 1.49672593215037 3.67491551366229 4.32371345857047 3.29922562545533 "2"
"1003" 5.40541744316934 2.72131487388873 0.863499587935677 1.47257242535177 4.1954002204493 4.51498534793359 3.2758958617038 "2"
"1004" 5.82833875091536 2.26391657644491 1.06470121391875 1.62251345195109 2.60955610117602 4.42143332637891 3.6689683391427 "2"
"1017" 4.87313171009827 2.66777929018488 0.840672775714694 1.5235775957995 4.06758698425224 5.09770343439189 3.95641109914982 "2"
"1051" 5.81387677820041 2.54997546488813 0.553834143974855 1.42623571394716 3.84769253291446 4.83854300187504 3.8298934732164 "2"
"1099" 5.4401103650022 3.31501417057485 0.669277987416932 1.61856926964098 3.64648718938007 5.17840838402861 3.01366576155185 "2"
"1110" 4.73264467827139 3.00711564558887 1.32711467836192 1.57999962247359 4.41689513871116 3.51629969453507 3.70373374449939 "2"
"1112" 4.68874362619781 4.02637949881327 1.11832169043742 1.46439718096238 3.58449902846869 5.28677275314557 3.2321565667453 "2"
"1133" 4.77411117057136 3.21066662437147 1.25591463475193 1.54085321380159 4.39196674063127 4.15002935679945 3.49015001976438 "2"
"1150" 5.01382538890858 2.86367387605812 1.25353801990949 1.34932624456829 2.97258015245454 5.32946579303068 3.38762000708415 "2"
"1161" 4.94780464476046 3.014263676447 1.13907829781944 1.59064059821702 4.47855423524538 4.21744891252987 3.32176698907715 "2"
"1173" 5.13617148594351 2.92127450612279 0.851706991591897 1.32978114003324 3.02421870288781 5.38490678758551 3.16657527904955 "2"
"1178" 5.58455529742712 2.099785970667 1.17354807930743 1.23437058717129 3.93961417260168 4.70753324751284 3.00465085671262 "2"
"1195" 5.51196630334509 2.56393350868815 0.43772194414902 1.38959826843478 4.1254167760477 4.18539105389508 3.47317803669226 "2"
"1405" 5.19919314357146 2.45540752208245 1.28998431696219 1.36678173620309 3.99644366384294 4.97173481922797 3.16329035995778 "2"
"1465" 4.80649451565835 3.00065843350197 0.716238322416574 1.52190490715097 3.87863840737621 5.44326312776301 3.46297930992799 "2"
"1497" 4.50422713842429 3.06838076895103 0.732057812223726 1.55500757223587 3.92272373131221 5.38775937116827 3.49743732789682 "2"
"1506" 5.4721854500367 2.29482562445945 1.43213269279746 1.45009638940385 3.24259616639964 5.16435352681498 3.35724886954508 "2"
"1529" 4.46131601964915 3.29506299773604 0.696706080958118 1.47260871074692 3.79979595094417 5.39156947728525 3.67769280374111 "2"
"1538" 4.55433707713879 2.48464316586347 1.91565996540703 1.37062214123588 3.50688940280709 5.01996161749274 3.25364919692618 "2"
"1542" 5.22176930905857 2.77712507539353 1.16474725655425 1.50358851440933 3.5045007626461 4.15521102990911 3.39889362977485 "2"
"1549" 5.10504832093635 2.17749666834559 0.353043193964773 1.28532126843976 3.63227270435306 5.62699891230882 3.48464462298506 "2"
"1557" 4.48573315843126 2.52421213620067 0.585005951308277 1.36658344934677 3.92677516410486 5.62208645623628 3.38699048427625 "2"
"1561" 5.11554537682966 2.15085975000762 0.535956212847902 1.32061844071295 4.00892210476958 5.67433606389396 3.09287915280981 "2"
"1587" 5.31550575955531 3.85033143583689 0.523899775081098 1.45600169347468 3.53440577510184 5.096095043673 3.42385733586551 "2"
"1696" 5.70083319881214 2.10842076024844 0.740880242153047 1.39179843048984 4.39632172108743 5.14279635435836 3.71910236340088 "2"
"1698" 5.46502691229648 2.38431834178655 0.754014036760522 1.37697206793366 3.79564150881906 4.37470634190026 3.74685870101449 "2"
"1761" 5.53804525737449 2.95687314911768 0.725375173410642 1.46557183990885 4.31398221824634 5.40161213670781 3.00166363843137 "2"
"1816" 6.09870861291301 2.16145257211699 1.05273768002803 1.6778924524109 2.92078141570252 4.52838535761187 3.93028622550781 "2"
"1824" 5.65373461628244 2.54565422164641 1.15237370991565 1.70330744828625 3.47538319038899 4.29486894307482 3.83924986917708 "2"
"1851" 5.64368715720444 2.56857999403598 1.06845079201728 1.51447559903059 2.95794123826002 4.26963242456878 3.77179233508214 "2"
"1973" 5.2787874005788 3.28331878191912 0.509435760330923 1.36365908037188 2.90058888128145 5.17927844811402 3.47620386165657 "2"
"1991" 4.61781700586844 3.9871700139421 1.24613709084275 1.31903947624526 3.28156282361198 5.17073785395231 3.28106147778435 "2"
"1994" 5.52315639457779 2.32828718159844 0.906439871162616 1.27243766678056 3.90436801630252 4.78849097318513 3.11138917237867 "2"
"2004" 5.22639673541097 2.36771830583132 1.32650660565053 1.2371677216437 3.6911128497992 3.93392167652654 3.55427404480119 "2"
"2067" 5.93065023091995 2.02857479185638 1.21946343332403 1.5267835561959 3.26431706819339 4.94009702643756 3.45652564085947 "2"
"2136" 4.69289850465523 3.75582515551368 1.14894576109169 1.46382766257416 3.80656192922903 3.96119174795725 3.35445060060865 "2"
"2201" 4.80634122339014 2.79193438608292 1.35765631711562 1.42315957114052 4.3893113618007 4.61224945791445 3.52249941819742 "2"
"2232" 5.05578847974062 3.40902463776415 0.909683530670862 1.51887091404577 4.1750266953848 4.02814517860434 3.30344221875511 "2"
"2269" 4.44462238168614 3.56178142149901 0.737223044331833 1.47268072303186 3.35571661008817 5.15745614269073 3.61874498893341 "2"
"2370" 5.54122114574788 2.30554878775736 0.929049669144407 1.45033174705349 3.42467149705499 5.47391657230858 3.52149063534306 "2"
"2377" 4.95190164809989 3.21046442797763 0.636678099329651 1.35829088392506 4.29177447431104 4.60983023958497 4.25921430991753 "2"
"2379" 5.05381082971189 4.03889007125144 0.869241337202303 1.49026102316147 3.48099105544869 5.68299682397467 3.58336346489747 "2"
"2383" 5.58489097660215 2.229438207937 1.09526784578734 1.43684818846391 3.84489675979886 4.50406854035516 4.00353647248353 "2"
"2384" 5.67647056666257 2.47606813635562 0.835767335865746 1.43721048391004 3.73182518532938 5.08389466860279 4.1214478100622 "2"
"2397" 5.53949463114522 2.29924038244249 0.939617079259872 1.44254061472588 3.41636772661948 5.47378125693168 3.51901038284963 "2"
"2404" 4.97195972235538 3.19032599876337 0.62379533542849 1.34346528931375 4.29792696936383 4.62868131394296 4.25871355750184 "2"
"2406" 5.05187196089914 4.03948501908686 0.875908390225166 1.47068123893419 3.47260272381093 5.69301906304499 3.57446410085472 "2"
"2410" 5.59145505519915 2.23120907135596 1.10315326080114 1.43929409287766 3.85732832118179 4.49049890212688 4.01084194949349 "2"
"2411" 5.68807156076106 2.45208493878543 0.838860844698443 1.43030306414259 3.72669161349391 5.0856343604413 4.12541675859441 "2"
"2418" 4.3734147458939 3.84250576344338 0.962865423401797 1.44157396411966 3.60702204868007 4.55245707828171 3.7683780870928 "2"
"2427" 5.62096248165128 3.55701646320155 1.03050050984154 1.49770082071065 3.8875929587299 4.72721518586124 3.6284910121963 "2"
"2590" 6.0055430596146 2.35062221239609 1.31148101376023 1.38030116130879 3.92627322486528 4.77901247398998 3.09461130482596 "2"
"2615" 3.68738582135461 4.2432249123077 1.01347232716751 1.52608666367887 3.35495911973951 5.14199861671715 3.1092438485687 "2"
"2626" 5.76016242042128 4.09954071654385 1.33944228793461 1.5628364734885 3.47911168491015 5.17273063598565 3.13851855281838 "2"
"2685" 5.71400992851921 4.18128108275932 1.28107273561468 1.56976190505382 3.40956766205432 5.23056564631557 3.14392877679359 "2"
"2726" 4.35149087976144 3.53780520524583 1.19953556063073 1.38129261304368 4.10261760984207 3.80207079563792 3.37741951753733 "2"
"2733" 6.15265124230501 2.4026004039018 0.398113843529989 1.45103872757359 4.12461094007876 4.82192720559667 3.48759883709016 "2"
"2750" 5.66109077765387 2.56790100859708 0.888288953087358 1.29548830002482 3.49868235851873 4.29698983227526 3.46263411870853 "2"
"2860" 5.25876025355765 2.77530197427007 1.00762008110594 1.44386725694361 3.10298457427228 4.59960814286201 3.8776929799737 "2"
"2907" 5.63873454110581 3.57000462753624 0.90793115028869 1.4067536507047 3.98665282052486 3.49357446047655 3.32226631032286 "2"
"3014" 5.05005217590126 2.07349658228969 1.42180662681096 1.22844915625817 3.20290842640684 5.06178125971356 3.57670410877661 "2"
"3122" 4.53537941552338 2.59231823464565 1.86964050250055 1.42888522847144 3.61060936351804 5.25807482785381 3.08006525960094 "2"
"3275" 4.3846802004437 4.09459431381736 1.22898305247635 1.47134439423678 3.67239002223465 5.37062247193512 3.40331660825867 "2"
"3293" 5.59135913190346 4.10222091395638 1.23412144142056 1.46881981038035 3.76002825741833 5.21919041055582 3.21997001468276 "2"
"3309" 5.46154389833461 3.44611321598159 1.01443265968183 1.51522261740374 4.22695968286288 2.77772281575576 3.71387669054077 "2"
"3313" 4.98912445959009 2.57901205386796 0.728548513603326 1.4577735691846 4.12122938210632 4.32297174599825 3.98483940597874 "2"
"3409" 5.15618859732147 2.99848457355874 0.98908745952327 1.57979027022981 4.05814288549665 4.78178032183755 4.13769158941051 "2"
"3607" 4.75652895057957 2.97755678428368 0.934697764043371 1.49662976450858 3.98549741256004 5.06841738550207 2.99763835067091 "2"
"3612" 5.10116347982079 2.69899354392571 0.775758832111731 1.49064007376842 3.89564845607932 5.1677561334582 4.74386944919633 "2"
"3629" 5.9810358443898 3.35486256812529 1.15944836713203 1.49746069831216 3.58604169008795 5.08836159447717 3.33565604001185 "2"
"3773" 5.25513061448533 2.23382711759382 0.864102773725167 1.43743742907268 3.95586627717052 5.47425848230905 2.95929142496937 "2"
"3799" 4.89410297552499 3.12474537429273 0.986515681963871 1.59195415046537 5.00380688484286 3.64987860846279 3.99576017545457 "2"
"3870" 4.37336329358755 3.20246300092844 0.939693035988918 1.44673760797815 4.39930473312518 5.26775704187925 3.29317928132765 "2"
"3872" 5.59559378936099 2.40745355368636 1.29067803297998 1.36670977627803 3.19462963163293 4.54177227732076 3.26559658652132 "2"
"3893" 5.14265287084055 2.30530826393314 0.997790875450897 1.45991777598385 4.08605956650864 5.15224460699757 3.33357541555725 "2"
"3928" 5.15666229713375 2.87642563554563 1.10802929185219 1.35918105420346 3.28785358364812 5.17503434842524 4.05160339858882 "2"
"4002" 4.92438583431049 3.22574548371054 0.925812467354393 1.75347302809731 4.23417407113917 4.98158870383864 2.87827847707955 "2"
"4021" 4.71163265940663 4.47499606740592 1.14301951306984 1.45132705596602 3.42446790439774 5.18203556218669 3.35669066089042 "2"
"4027" 4.93927708820827 3.41590542380721 0.83327259713953 1.39131755737433 4.30272192987112 3.13461915565686 3.86977857504102 "2"
"4032" 4.99979119639329 4.14329221135382 1.09450000563622 1.47247044576358 3.63889340143099 5.1018688371847 3.21882869152501 "2"
"4244" 5.08703205501288 3.73179837707207 1.06233322100282 1.57964343567984 3.79873925880184 5.19657176375472 4.78428982604924 "2"
"4245" 5.35236917284594 2.74799327870301 1.10385512750654 1.30222068072159 3.58653827116672 4.76375175134286 4.68375449781123 "2"
"4354" 5.02886768359981 3.06392311077497 1.06847932815055 1.56606391888799 4.73449554758325 3.48758667214527 4.00689127455855 "2"
"4389" 5.20234196188816 3.00924829830847 0.907481693099717 1.5409994723929 4.83762553464715 3.59029840850722 4.05134557855171 "2"
"4480" 5.21446238342534 2.4741347827833 0.745814270495142 1.54882069419682 4.25774530119271 4.91843584981081 3.14463116709776 "2"
"4498" 4.7291990492621 3.16096905459934 1.0478515784272 1.54833332845649 4.20816040987709 4.96095360627914 2.93353125532785 "2"
"4512" 5.47663609198916 2.44999291733082 1.39826604473908 1.40854798880209 3.75266450386466 5.22960342884566 3.33563586400569 "2"
"4557" 4.56035172608726 3.57561341762045 0.611358415884751 1.23783588604124 3.51649473507898 5.52150707588795 4.14040562875724 "2"
"4576" 5.10624181198544 3.91033950325859 1.07019573729683 1.52604852823471 3.63214405613389 5.47911316798335 3.47170183721092 "2"
"4577" 4.87777777656707 4.09775283616469 1.00112942851057 1.50695572577533 3.6985075829471 4.93570698231673 4.76236447638691 "2"
"4585" 5.37909452701711 2.23118697548763 0.855322737843376 1.50502860302844 3.88079010163794 5.22948905741977 4.17598397357293 "2"
"4623" 5.57484185946136 3.29605336736679 1.09006987130246 1.40445784460662 3.92436603377846 5.16752850761716 3.27409073747164 "2"
"4756" 5.45651185230173 2.20807804824635 1.19482575473764 1.38265000796283 3.29958594867941 4.52351047847812 3.54423829688246 "2"
"4821" 5.74922950345386 3.26112222554433 0.894917242347534 1.48513972099063 3.69085393020467 5.17074755798295 3.04662969041451 "2"
"4824" 4.80081076368276 3.00379761760119 0.933505965963646 1.3901113079684 4.27239496661542 4.61762051670125 4.01956100357121 "2"
"4827" 3.8078555847239 2.4087153045625 0.873370262613746 1.45954254764796 3.70172576064827 5.49526175707426 2.94364549070303 "2"
"4866" 5.29939616111989 2.46353412414559 1.00374550252639 1.46167130828333 4.14451811316713 5.23743960812126 3.11212029080233 "2"
"4881" 4.44568336733843 2.46004667704742 0.988261430094886 1.36047636776112 3.68625202056593 5.23149533084823 3.36727472144695 "2"
"4924" 4.94891552937606 3.8070566602588 0.937801709944995 1.41280592895184 3.98576434321584 3.87076568090607 3.42074530908945 "2"
"4935" 5.30263285676442 2.97174228969383 1.06992999346493 1.0936049833425 2.98025139811583 4.9567985183822 3.60515758325334 "2"
"4960" 5.2994637926284 3.89514049545381 1.24889671818954 1.53833882266799 3.4426244249799 5.61824907062308 4.09211886097938 "2"
"4975" 4.78858253315769 3.3763147764807 0.866771469417928 1.47645688249489 3.64959082112243 4.02462219660261 3.79532953121527 "2"
"4996" 5.39640196237146 3.65189516188055 0.919853913288084 1.36400495226975 3.8223701791158 4.75581872374706 3.37518921364609 "2"
"5079" 5.00070820983558 3.37316571381791 0.94399822220152 1.5120330631023 4.51171851045287 2.85324207802554 3.66899581062513 "2"
"5220" 5.64446187395282 3.60277608148899 0.974779355035175 1.50859157052334 3.81871741443089 5.1696587168758 3.34547412791955 "2"
"5284" 4.83787255109618 1.97081606986806 1.65062723299551 1.30692788607409 3.451945286037 4.82455834180393 3.30996880767977 "2"
"5403" 4.99914430755933 3.49732838444491 1.04028824647356 1.60473254367726 4.080356598458 5.07222829447051 2.91142243665455 "2"
"5429" 4.85378984915462 2.48057876527447 1.03669084363252 1.28693749568699 3.7261871609802 5.19175671450774 3.77558432468148 "2"
"5525" 5.85390485739735 3.45861174564792 0.973775738355401 1.47865463599558 3.60510262283519 4.04011124322248 3.37445868863437 "2"
"5543" 5.40297675729006 2.27830439011995 1.03479239664525 1.36854694475526 3.94564168462673 5.37037245351978 3.31319737008998 "2"
"5617" 5.45651258534001 2.77142608669358 1.3540364693404 1.02601517074355 3.45690331265631 5.09634151906997 3.24686122749274 "2"
"5637" 5.57085730768564 3.34145952157411 0.967350622873449 1.41035613245386 3.5144880427715 3.76995919831547 2.98274676516058 "2"
"5649" 5.33992715694079 2.11858938008312 1.75524188438762 1.41938051443093 3.70060299034046 4.88247365473273 3.20548715037667 "2"
"5678" 5.26546109615483 2.8383925025903 1.09900018003285 1.44453430433043 3.88761847544357 3.8195982122912 3.29375663624421 "2"
"5749" 4.07773174543605 3.98641924311106 1.14146114348731 1.58486867220763 3.78623545824117 4.99255808073413 3.28175395461837 "2"
"5753" 4.9576294347325 3.15322443529629 1.05227593572113 1.62624185920579 3.48008416491606 5.18591541166058 4.60969206186809 "2"
"5825" 4.90635619916496 3.03826071447815 1.07262380444562 1.63577622639029 4.19012850580353 3.66300938365066 4.30284474869059 "2"
"5900" 5.83162576440222 2.43291748859393 0.924957517820303 1.54642741146002 4.06811087973381 5.31819761576724 3.01676155676587 "2"
"5991" 3.81333270716934 4.53863719474528 1.01247748949387 1.48769401035093 3.4087060279092 5.1899046234654 3.11118224614255 "2"
"6005" 5.17445517836626 3.26813148527363 0.853913995337629 1.38391257914373 4.09841319894048 3.69254733591142 3.93976852952072 "2"
"6035" 4.03008336673868 3.26012803364251 0.90603416937799 1.46903577742199 4.19100616207119 5.58505056950896 3.48951320148021 "2"
"6065" 5.92483990766701 2.55434810807632 0.952487416416758 1.24409662641424 3.50701356553008 4.73755395784469 3.43279911140909 "2"
"6110" 5.01074001331019 3.41735436124563 0.807960488423585 1.48634724448692 4.30197049581497 3.18829199205309 3.55674480270348 "2"
"6140" 5.76900659715308 3.7457396133514 1.03866824931515 1.49449794954703 4.10281486695413 5.21879247548637 3.57736485552482 "2"
"6187" 5.0427838220445 2.63723559194266 1.26558597537613 1.49372646165777 3.51410534442641 4.53522338308826 3.44988089314445 "2"
"6238" 5.29703380561744 2.09305020403149 1.04596365577532 1.38845242487426 3.64450116177094 5.34507973541182 3.70569493607327 "2"
"6365" 5.37165703330254 3.31681353522048 0.799065417890795 1.4016406563011 4.09021324068888 5.42312071919805 3.56532323560337 "2"
"6371" 4.88268005737008 3.08920167426269 1.08857328637546 1.54049599726358 4.46860200133136 3.23334970872855 3.30337638493572 "2"
"6386" 4.81747698252323 2.93524679180951 1.27226325602841 1.57988600153928 3.80206920738831 4.10200911825165 3.63014951131801 "2"
"6459" 5.19264414461921 3.78835933195462 0.579111607905149 1.36919751623394 3.76743400359381 5.15790223139425 3.45088210126986 "2"
"6502" 5.18787876744273 2.39221911569777 1.71325069375462 1.43284188988571 3.47094394543654 4.84398996503101 3.23241756328165 "2"
"6732" 5.01971123255825 2.75045112116884 1.02022032856108 1.4834829148383 3.5206619704675 5.00432327540865 4.14680150997422 "2"
"6746" 4.20008744178187 2.50359091400872 0.572977630795722 1.38629708287439 3.75576710586276 5.23552683198083 3.1926359071218 "2"
"6752" 4.67228244863787 2.58171808215342 1.02507644540537 1.35686016772403 3.31221469736123 5.08127061843229 3.59334278632147 "2"
"6783" 5.23228711691669 4.38833312220825 1.28100084550279 1.50509951575595 3.67363137021184 5.03243576490942 3.21925870574611 "2"
"6796" 5.53650156601098 4.34265532495614 0.86072578851536 1.6002121234613 3.45066854278258 5.39332948475625 3.31772430038405 "2"
"6837" 4.81789624551614 2.41091122546748 1.18837224274876 1.36944856439355 3.4247034365803 5.18297573614815 3.2609584787539 "2"
"6860" 5.41773217221215 2.51933882786325 1.02972554874707 1.45818613011319 3.99720462739681 5.43586809790913 2.94611272304024 "2"
"6922" 5.60647923337275 2.93136626165721 0.979766336666776 1.39653984429569 4.15170984706973 4.47870510150592 3.28597199654142 "2"
"6937" 4.70668705953159 3.05670709934248 0.654291386182124 1.48167836656479 3.69774695100579 5.0515416573382 3.70477478103833 "2"
"6951" 5.19436074575171 3.3205806364247 0.696306016586976 1.48474578272517 3.80380703172452 4.08228452405634 4.08362875919293 "2"
"6980" 4.34522301844509 3.33063240646595 0.851730029938023 1.40806057070188 3.43321071240659 5.35001812707704 3.16722180136436 "2"
"7081" 4.61841359431335 2.32471222369158 1.8291292289002 1.44007802496448 3.6388936108705 5.17455700087482 3.23708865777193 "2"
"7087" 4.83217473176683 3.11940651683063 0.92500993005774 1.43778351041005 4.57485042052967 4.56922995419277 4.36657103064415 "2"
"7091" 4.99627936704547 2.25633865353873 1.51068736188914 1.42763028437938 3.56258486636687 5.19455760143804 3.28855442060925 "2"
"7093" 4.01020867422769 4.53830025893318 1.06934595393733 1.48348658002973 3.38409606515133 5.18424874439797 3.21382898644316 "2"
"7113" 5.25147479547422 2.29483428129254 1.22545947706267 1.45220485186002 4.14136660704339 5.83727415600716 3.44550397389959 "2"
"7195" 5.02603571235553 3.92574831709275 0.863141167120488 1.47810529361352 3.62513436007228 4.38372744265833 3.73346736562259 "2"
"7202" 4.97477991262722 2.90904905067123 1.16066542012603 1.60248914981662 4.70085790417603 3.97534676961666 3.34184309258382 "2"
"7305" 4.94789604765339 3.62626093519786 0.911465860902999 1.48448825939404 3.33178015243536 5.49285315034663 4.74766890880487 "2"
"7325" 5.54729897561527 2.64410601072997 0.821542780288945 1.42910842117619 4.17671732601803 3.98185501513088 3.18689366916298 "2"
"7357" 4.46789306604249 4.04791452304168 1.2372314261614 1.4717354003491 3.54073037707217 5.27426293119898 3.28097686422221 "2"
"7362" 4.85229811624294 4.412551136376 0.980250299015062 1.4738295511054 3.43796926534569 5.1138529485073 3.27886285161902 "2"
"7417" 4.91698387549949 3.98867862418765 1.00114927290417 1.67543939214722 3.80970608751662 4.61445757867091 4.00384633823893 "2"
"7573" 5.0809733365008 4.08009567173482 0.967440175717369 1.63972478947683 3.41102902623702 5.07925722406048 4.11021417286467 "2"
"7693" 5.53079575307365 3.49817289691007 1.00323193939399 1.47718639521564 4.06839681702517 3.68724043542792 3.49342643910269 "2"
"7763" 4.82024036232791 3.74113098419505 0.967222393533305 1.37259560247441 3.79085864344348 4.2136191714588 3.46396556058171 "2"
"7768" 4.86367553366425 3.65234552664073 0.833492944957595 1.56967938588679 4.14912119217647 5.33889722069589 3.10292048578214 "2"
"7800" 4.79107859833413 4.02964727877178 0.944273495531145 1.45956841342748 3.28821753715703 4.82566599756041 3.31899043203662 "2"
"7822" 4.94109188156449 2.62220652684716 1.34071129938044 1.51506583447703 3.87115584926035 4.8710715583558 3.72997628823958 "2"
"7840" 5.40629029978156 2.34387468224141 0.878242419033858 1.53399120750128 4.17284962403574 5.02501710329748 2.85155396066642 "2"
"7850" 5.23442959583998 2.77077233871566 0.972981072493675 1.5005447823669 3.4859005444615 4.433620925639 3.97408189460115 "2"
"7874" 3.78985879667489 3.77523197761209 1.26336052350021 1.48267940015727 3.36108070501125 5.28536713477919 3.23013048382983 "2"
"7923" 4.62328060201217 2.61822283028277 1.85878600317643 1.42726840781227 3.7235862364223 4.95045229178244 3.30702754391772 "2"
"7976" 5.20863101150162 3.69739570349382 0.768831079258498 1.34372851987154 3.64066314783922 5.15031938665957 4.28974973529909 "2"
"8009" 5.1458897584713 3.70249140168453 0.853100567186445 1.38285927294015 3.70547930064419 5.38631495413261 4.28304185902502 "2"
"8022" 5.26652593898477 2.97298967651023 0.980752901479759 1.30035970595336 2.31463121938535 4.4592208391486 3.83406885929253 "2"
"8042" 5.37777710013782 3.66891430374906 0.695873297105529 1.38538811539995 3.61529222152748 5.34654202461902 4.42520290595066 "2"
"8075" 5.10356447691289 3.86296569975915 0.794165667815209 1.38493167689397 3.45892372325171 5.45926348604054 4.412647496004 "2"
"8108" 5.25828843870096 3.77636720957076 0.788403009504144 1.33517291587826 3.57026410563613 5.2765299219111 4.37053308512581 "2"
"8136" 5.07926476388285 3.24335548934402 0.705704736782013 1.33126967899239 2.7727511406617 5.53989754040305 3.49608260333142 "2"
"8150" 4.91099853062917 2.07220259518226 1.30170029335181 1.33877091213125 3.97063762694868 4.8587339305932 2.87967978448268 "2"
"8157" 5.26208337790674 2.47158850448428 0.93630938362137 1.3599462763607 3.74943979863209 4.15707776426387 3.09685883511692 "2"
"8159" 5.10304771982796 2.47216774435643 1.27824104362308 1.14170995762548 3.99345443843305 5.16307718498629 2.89144492679733 "2"
"8178" 5.43377600664135 2.60509460327561 0.947178351724994 1.46818117695375 3.61038269760808 5.12140502308726 2.87523629838015 "2"
"8184" 5.7633438240351 2.78457403592129 0.474433513794734 1.5919531381744 3.69963054524112 4.05911791368328 3.42429846783396 "2"
"8195" 5.25047515814514 3.06181695215342 0.653363586605057 1.28036327672704 2.70993197613356 5.83689082934355 3.62599611639045 "2"
"8202" 4.81323571026783 3.54479842539931 1.09085870776449 1.28308414031114 3.77629886247725 5.12064201749817 4.03118112647831 "2"
"8209" 5.01202263832419 3.21728042739885 1.32806621441682 1.45172825480118 4.48135733874383 3.94779699172002 3.4483209527656 "2"
"8211" 5.85710915973096 2.40816899905333 0.946240917930456 1.34491047429428 3.79076605372666 3.84931163995495 3.14110438027826 "2"
"8220" 5.16710053543127 2.84980508839605 0.97615982320704 1.67899836283814 4.10868524698663 4.50202170547489 3.0992593958767 "2"
"8229" 4.76034574130759 2.69250992500723 1.42715169764519 1.46219010740348 4.15036027122563 4.29083768628832 2.92129075513813 "2"
"8231" 5.00649580890166 3.0195560906977 1.14533799099489 1.69242493642763 3.77784203024198 3.96472143202332 3.42191543017987 "2"
"44" 2.85717660866489 3.03731680551209 0.923400404874844 1.43156254609071 3.9065485434035 5.17190649151286 3.29520461375154 "3"
"107" 2.86635800046147 3.25283744429108 0.910144123060464 1.46417356937862 3.74828329110984 5.20243301571523 3.42181343313838 "3"
"242" 3.61866027065151 3.71317974566387 0.71976151385782 1.35612515721614 3.64079275598947 5.13983034182752 3.56172248173017 "3"
"376" 2.79012788304065 2.4606811565904 0.94091958357405 1.47088401128669 3.90191396120117 4.95598461899212 3.36748451002304 "3"
"443" 3.12814112179199 3.09855796550361 0.96590093494345 1.55989381346305 3.68008748274131 5.05913446790291 3.13987458638072 "3"
"488" 2.95691194778695 2.62855846067357 0.867570969841682 1.46134617089697 3.82542110191475 5.17038630973437 3.31115739435367 "3"
"514" 2.7291392372853 3.2978392580706 1.09793942127337 1.55693486951568 4.15091743268274 5.17492603329186 3.1838108417453 "3"
"602" 4.24454387507672 2.88761164270788 1.8719475659723 1.38037737983723 3.86973752489701 4.81623402884313 3.14460374797521 "3"
"632" 4.41856932834285 3.10189411000892 1.57280848198294 1.26878738046319 3.68170105708807 4.94618468250864 3.29449604498182 "3"
"705" 3.2335780327013 2.10225329027067 0.93055998981262 1.51305765863969 4.0062779658594 4.87102035039554 3.15423911736353 "3"
"786" 4.26168539943238 2.97490932924791 1.74943424894173 1.49267950845267 4.09380502356973 4.91480443050265 3.19294242184503 "3"
"789" 2.98614451978848 2.47851533231301 0.946686168875932 1.43304356268078 3.8317185989218 5.15993894336486 3.35248429522006 "3"
"827" 3.72798025989383 2.8034336972992 0.639780509341533 1.48087343816706 3.67847860333023 5.08830661660573 3.5424949922124 "3"
"849" 3.7811837598009 2.95783133487702 0.62787984221047 1.51898767657272 3.75824508942816 4.95360905134723 3.19863174142093 "3"
"872" 3.58332569597245 2.87542325804962 0.76925781226061 1.47656235274159 3.65718405056616 5.14441729399456 3.55311432587311 "3"
"894" 3.90001233771466 2.91203530902139 0.540860849845394 1.42784410466604 3.69250820562959 5.05645975082423 3.20044468472814 "3"
"913" 2.92749658745286 3.5721042237198 1.23131132169851 1.65390148812555 3.42839908400493 5.1543648155196 3.19631188468576 "3"
"935" 4.10251351840548 3.23669595869023 0.900237477146511 1.46475345502259 3.51100258534868 5.15155775012374 3.54787018742952 "3"
"957" 2.70910961189661 3.30141402399124 0.910744603589612 1.46885757930536 3.97610914688722 4.89985284057264 3.3315947810155 "3"
"971" 3.86639118766887 3.36817428159672 0.908426980875889 1.35002940281733 3.89247981082232 4.59975705435379 3.28011587584891 "3"
"1005" 4.13205518821754 3.20320986222196 0.976008398441137 1.42095829207473 3.80614114779967 4.96121074563783 3.79567376250364 "3"
"1027" 2.5614295197169 3.68268179250135 0.996931318247583 1.5430726268383 3.74166306527081 5.07922586049382 3.4602700702367 "3"
"1097" 3.48534858408556 3.21097196972411 1.29071074045017 1.26904104661667 3.52512598164204 5.25373353077898 3.41235504013622 "3"
"1098" 4.54844041244776 3.25459994758292 1.26510763298804 1.34056221335574 4.30518221579791 4.72907937203529 3.54404997585617 "3"
"1109" 3.13296723642644 2.61983026107057 0.696750202881608 1.51550372013306 3.79093475725216 5.0943044754868 3.44251338713289 "3"
"1158" 4.00173714274448 3.35532132791918 1.29078736040433 1.27068032966331 3.92812915563198 4.82120366190196 3.22568085416834 "3"
"1187" 4.26035229949642 3.25316092361465 1.41022306855169 1.33798724184381 3.94491019968393 5.00053975065618 3.32872966596872 "3"
"1197" 3.42757020968987 2.43566119853795 0.757180029117054 1.57319627668944 3.75877570442735 4.91247509662965 3.10543534815463 "3"
"1271" 2.40013959437624 2.70009283955508 0.793185159294731 1.42059709618603 3.73072047917933 4.92226107047912 3.2993339754953 "3"
"1286" 3.09265061939756 2.44871837319126 0.827794584576173 1.53667791499192 3.71569040179286 5.131591008948 3.27489023789539 "3"
"1301" 2.75517661757191 2.52722511554168 1.08800509443748 1.53524145665765 4.17184398277403 4.84958774208764 3.15605078658039 "3"
"1394" 2.66424068748634 3.21142774500497 1.09021684547877 1.59237652014435 3.65579370383073 5.13564172615566 3.54980970201409 "3"
"1461" 2.58035140208264 3.23358588668293 1.11824922436688 1.593335857821 3.99549361131791 4.97226019823941 3.39658989988198 "3"
"1471" 2.74216955132142 2.91763614040421 0.998451901451798 1.58671849432194 3.86767084562314 4.96736327559721 3.47171691685566 "3"
"1493" 2.65245543897871 3.30582326673385 1.04993729924321 1.56071261722833 3.9024148532432 5.05368198950651 3.45746365061267 "3"
"1503" 2.47883142889384 3.08874532302317 1.22430375493859 1.55910232410056 3.9310137834598 4.93341718015128 3.34618992235238 "3"
"1525" 2.96721551647939 2.95951796870628 0.897369988451947 1.51020849590227 3.95978129502884 4.98277521357073 3.48199709813613 "3"
"1535" 2.58713903990353 2.80722184717419 1.0592817571518 1.63768610528416 3.88868804811578 5.10303906299487 3.3220055930392 "3"
"1715" 2.97843595898778 2.77750918745531 0.993691236664303 1.50759688992934 3.91704399359391 4.90058615811116 3.09270936718018 "3"
"1731" 3.16018599517714 2.32577729341432 0.739815364416527 1.46018070983566 4.118573182971 4.77363698206689 3.05143194639808 "3"
"1826" 4.02518602521746 2.94508906998065 0.987469102974358 1.47066896926955 3.70033998667548 5.38379066698216 3.23264349615332 "3"
"1853" 3.84235617127319 3.25981368239094 1.16377203638141 1.42909688454983 3.65118095569734 5.10763228089392 3.3690731087082 "3"
"2003" 4.36137185188209 3.13072588460103 1.51580936219167 1.41573193853622 4.26611513234041 4.81789928238904 3.21138995862667 "3"
"2046" 3.79630110364997 3.20510687803924 1.06340080399968 1.35766647493187 3.37373919410353 5.01084153911278 3.57016861867276 "3"
"2072" 3.35445044352902 3.12113105921124 0.644656610205755 1.60491138756571 3.69855840693492 5.28809518911981 3.22682592978398 "3"
"2081" 2.76800613147759 2.7317966406978 1.28472536067326 1.45967131804017 3.99519573597447 5.10196301515113 3.17122317811407 "3"
"2098" 2.57544837078806 3.13184661287361 1.23207057482972 1.57911416458417 3.98359997786373 4.89272331020458 3.22006637431077 "3"
"2119" 2.88273938156801 2.19213757221545 0.849085489602109 1.55562616928266 4.2928555836096 5.03995167626729 3.50902081634292 "3"
"2138" 2.37286781252286 4.03395909723554 1.23991830818497 1.59820569295321 3.61191108243405 5.08974387779146 3.28362264374189 "3"
"2234" 2.94848921570963 3.22524502800082 0.876760023633677 1.47036564849884 3.67087875908864 5.02747162963773 3.42053756254859 "3"
"2336" 2.70716102159993 2.85745643730387 1.08068958178433 1.51552756133065 3.93837701341469 5.03599421200156 3.34005133757373 "3"
"2349" 3.06546877436054 3.05035207628329 0.898044244048578 1.52337742398759 3.7348458615724 5.00152957923486 3.36891342853494 "3"
"2429" 3.33010592789709 3.10911521780283 0.91438125888553 1.54060633697889 3.69387403048903 5.10143702527446 3.16518905129115 "3"
"2450" 2.92409939133032 2.73114476022218 0.77308654104071 1.4621825850344 3.77353394678282 4.4542553250668 3.39901383060044 "3"
"2471" 2.92210563191259 2.83024457260371 0.917275922356548 1.4533169407528 3.85960255501031 5.15880357177985 3.48924152352884 "3"
"2499" 3.37545837832333 3.09478929350307 0.839595645766825 1.53751005307268 3.59545425074395 5.17467587525017 3.26635948739066 "3"
"2520" 2.79172821033838 2.83055801628407 0.850069802940356 1.49746513144846 3.68064424277269 4.57552329731619 3.44055704757433 "3"
"2541" 2.90917314358104 2.84216810354797 0.919554903480632 1.4486753074203 3.84309701118079 5.21047240367565 3.58938930140644 "3"
"2595" 3.33759988301296 3.34160052672438 0.951344208303409 1.45941278241807 3.5544291871184 5.13901173004846 3.107287142491 "3"
"2611" 2.65730256737735 3.17481953375756 1.00774007249201 1.50259542206495 3.7445897555336 5.20535179963651 3.25726010861563 "3"
"2632" 2.14016466905737 3.19282262244517 1.11175642501653 1.54617039427437 4.08042065204155 4.99868678694921 3.16122191790137 "3"
"2654" 3.36317785773386 3.4252694817633 0.913817412817381 1.48879138611812 3.64415178176127 5.08231676878594 3.10084171137656 "3"
"2670" 3.24095913482774 2.76603345563723 0.684778570663159 1.45874758508026 3.74817282922148 5.21245438212092 3.15551069444336 "3"
"2691" 2.43242356041562 2.93013669465247 1.04143571319028 1.52992158837782 4.10638661345517 4.99680081906609 3.12114167081309 "3"
"2711" 4.35734904248917 3.12507674250451 1.61264926989784 1.38035284050794 4.09325906712641 4.69252690660419 3.30440480274417 "3"
"2769" 4.12101889539853 3.38040615985993 1.6439073314029 1.52850607399457 3.85874678517147 5.20448117704574 3.35749124341831 "3"
"2782" 4.127536583144 3.38245775948907 1.56751612009211 1.38835445954334 4.13187365652204 4.76554544366842 3.38552079487302 "3"
"2838" 2.60818195109605 2.75427456160131 0.836133244143426 1.42916442879188 3.75052300232575 5.11184473776337 3.46481413966402 "3"
"2841" 2.68771203234679 3.7989906560273 1.39757611608577 1.48199517873061 3.4813457063527 5.15605921606402 3.27249945097942 "3"
"2919" 3.36508295442559 2.55352267205989 0.789951081644078 1.44692756961393 3.5980569380844 5.09218356883307 3.26698337278508 "3"
"3031" 2.88506044258036 2.46924782597113 0.902752775851315 1.44344055884808 3.80983571312017 5.20796136357422 3.05185066833893 "3"
"3092" 3.1474651105641 2.66004624241477 0.857498535102083 1.49017524022873 4.05552639260182 4.81335090199847 3.30073697586781 "3"
"3119" 2.9253750524806 2.7618016081598 0.817806937931636 1.4384001003282 3.83805718097944 4.92717686013053 3.55460361532384 "3"
"3153" 2.958602089728 3.13579428584223 0.937395955800491 1.44738713225928 3.6026673300233 5.03696341078848 3.39201956324941 "3"
"3170" 2.71497288843905 3.33568003828906 0.978746209172278 1.55311577495305 3.73370544598585 5.23401708727127 3.30723633765614 "3"
"3235" 2.61944738819256 3.25336715171906 1.05007504062778 1.53932580636 3.85917060347374 4.99126864893605 3.25920786115428 "3"
"3239" 2.7879612836671 3.32668785763669 0.907547823625075 1.48312697239065 3.69477954221155 5.01725265705413 3.6664866205727 "3"
"3247" 2.64981763561371 2.85558729439473 1.01357715164238 1.4706212345145 3.84342745436807 5.10595493221629 3.51214123815268 "3"
"3260" 2.97862553665114 3.02422833710528 0.938841612019918 1.47650589134028 3.77302125631505 5.0195839456959 3.40774326938721 "3"
"3272" 2.91940195982162 3.13196498110348 0.905179778349261 1.44702755952678 3.89810464048235 4.83327463826144 3.48555762217007 "3"
"3284" 2.94231546254655 3.03780429342546 0.90440383987041 1.4947399743544 3.78562111979776 5.00857686968856 3.42216396506535 "3"
"3355" 2.8754520210757 2.42237494942031 0.994309833711087 1.44015239344391 4.04957878174992 4.99914703027296 3.60943404134645 "3"
"3382" 3.05346679086639 3.1840922586339 0.946364033455891 1.27652409342472 3.53803693261062 4.86910911014485 3.40258580399428 "3"
"3403" 2.94760464793813 2.91555054176124 0.90507823509338 1.46797960887844 3.91233764345274 5.07775306440453 3.47748224552048 "3"
"3466" 2.93429881622629 2.42582785645258 1.04179790391666 1.42952016180003 3.97644407557068 5.07942105811737 3.46323142273844 "3"
"3476" 3.76216230640133 2.77774658714017 0.795244403465989 1.34040211430345 3.51809022781469 4.95346757495807 3.27058780930301 "3"
"3506" 2.33264498948799 2.61629589952211 0.87855479806338 1.52456536488966 4.1409134672097 5.25374618441606 3.8194719900797 "3"
"3577" 3.09959603498282 2.58597668552828 0.922426982391129 1.43673701099056 3.9593938144816 4.92870187647104 3.3380585206338 "3"
"3603" 3.8724530652269 2.93301671481107 0.908243738757722 1.39274359609297 3.56489425112652 5.05828714545765 3.36296955268764 "3"
"3613" 2.79502501512235 3.1369311409571 0.901663760211241 1.44849047705251 3.77088237277002 5.18981891034583 3.3526487052356 "3"
"3725" 3.4357021873671 3.12301133732099 1.03101316540273 1.37889060366062 3.47312131349157 5.19091063124625 3.39983235511304 "3"
"3751" 3.84992735720847 2.99077135272893 0.798061207799075 1.33662304014057 3.65014157722119 5.48364617202321 3.54602581074248 "3"
"3797" 2.81661201525589 3.04697280469216 0.911170935165997 1.45347236232269 3.84782043064204 5.0877905576525 3.37051609457387 "3"
"3824" 3.08875246141981 3.63239107258293 0.917145755700934 1.40938721291962 3.60079921685843 4.98260539303451 3.33741774045222 "3"
"3868" 2.58206753197625 2.60990356132351 0.771755326060337 1.51555044259714 4.00740803164348 5.46136278551813 3.23518066383365 "3"
"3912" 2.7487633005157 2.46479723637855 0.959757463242893 1.38676804251974 3.95708676846315 5.32188158693918 3.33582594781453 "3"
"3929" 3.10997597928333 2.76209604520461 0.782748317260608 1.48006098740026 3.44706042361994 5.22058051294516 3.68987460850808 "3"
"3935" 3.56276760233955 3.0226458470725 0.947945581010878 1.44914101362461 3.67584743221639 5.13277566863108 3.12446135686355 "3"
"3940" 2.88147162675924 2.75825436608146 0.899469724261851 1.45848561115954 4.0849385066235 4.95573981911124 3.54808369355692 "3"
"4018" 2.99809100181241 2.99483510754611 0.896377192813535 1.43333641147597 3.74863506222058 5.2015844715395 3.53090858906645 "3"
"4069" 2.64354328167254 2.70276218101966 1.02133603028542 1.4853115312022 3.98366415362033 5.18790630873833 4.09855038181968 "3"
"4131" 2.94271208861907 2.85016048979163 0.928449921653544 1.44648701360414 3.76071265337792 5.16511827773332 3.41483710777207 "3"
"4136" 2.99714608055538 2.98783408577088 0.93595061374033 1.44824857441818 3.74220041724091 4.93336667032273 3.35013255131946 "3"
"4168" 3.32179458273263 2.64327942279622 0.852517836655789 1.42916544108285 3.76026735007256 5.1528847937672 3.07793894242653 "3"
"4211" 2.67456373405323 3.03769437258917 0.969055041607777 1.42499171306951 3.86518675340536 5.21340148503951 3.31289281013551 "3"
"4242" 3.01531940865823 2.5918019837062 0.844155859489729 1.49148388810188 3.96349542549025 4.95530376605092 3.83785564781071 "3"
"4335" 3.0207768786963 2.91352224227762 0.818598113134857 1.40054418810512 3.82329988110175 5.14288297504913 3.34890198947705 "3"
"4368" 3.08875509686699 2.50152774284665 0.861360320418215 1.50463099957155 3.73706373871937 5.14787405820448 3.35292535737534 "3"
"4446" 3.01154790922431 3.00354157779993 0.972475660048883 1.44290605176466 3.82983535375231 4.97552579653635 3.74278941350358 "3"
"4488" 2.89601112699956 2.99021673945253 0.892686990816166 1.45722295271218 3.97174498599919 5.05825258793846 3.44112113798857 "3"
"4491" 3.91007087963342 2.61795268822115 1.00424592332952 1.47782167761007 4.05918564991155 5.1682001801265 3.45361401278813 "3"
"4533" 2.9573418572883 2.56785706120652 0.890492134562028 1.45710599819901 3.85634105823711 5.02085857710192 3.25628570874754 "3"
"4548" 2.97204355097601 2.87710350397381 0.904281090864117 1.4867868754722 3.80208327474208 5.0518267917781 3.29556959700472 "3"
"4602" 3.05750844981524 2.59237274127819 0.939195442619175 1.49507315770861 3.83131548022446 5.04948962137675 3.50006504325875 "3"
"4633" 3.04774698038847 3.25500941927873 0.947919261445758 1.36461127965189 3.52336859216491 5.23001604213412 3.2544128482871 "3"
"4692" 3.61973448589953 3.08483575059212 0.981548701805498 1.47933674557385 3.61434747480337 4.9682534633289 3.61829504305224 "3"
"4706" 3.62270924252992 3.09575531579076 1.01817642583395 1.5434130533089 4.03564536454564 5.13629306557921 3.18210406681649 "3"
"4717" 2.7654315439381 2.86853898134806 0.892703798336863 1.53474895964932 4.1434537415761 4.85114372056908 3.72113047089828 "3"
"4758" 2.45491985963615 3.02062789739135 0.851843912671716 1.39556952849804 3.66100874763569 5.19200116532277 3.35207531221644 "3"
"4817" 3.44274914620824 3.15855809167722 0.943004937870918 1.3649005854287 3.66458295505097 5.08355471337108 3.26690495514179 "3"
"4858" 4.23306302944393 3.02239977310126 0.934641110655851 1.27587331250653 3.49595217487642 4.87895152794233 3.20147919373568 "3"
"4872" 3.07773594318123 2.32444740488417 0.988908179302505 1.47926270870698 3.85987994018833 5.0921557133782 3.21321230925855 "3"
"4894" 2.42606256833039 3.06083290061456 0.942297643191547 1.50597914424566 3.89816647749775 5.05658880046912 3.1134501095193 "3"
"4961" 4.22867118763397 3.49012760973679 1.23358770228201 1.50507148576817 3.48706179927932 5.14827775286046 3.67414926176078 "3"
"5028" 2.90875916893576 2.64506407431627 0.924803859032958 1.51075748921848 3.7905335758703 5.09600756777089 3.43678774725525 "3"
"5109" 3.52366398914081 3.02727219132076 0.9057086480192 1.47412058475817 3.78098172048669 5.45977230187737 3.06256199830451 "3"
"5128" 2.45999688280386 3.13443052047131 0.96702517132783 1.41362029958082 3.82572815769005 5.31652600922285 3.39873356562915 "3"
"5170" 3.47084575321282 2.67049910657143 0.719036818245807 1.41284144640212 3.64582721057673 5.03405572716124 3.38197974871353 "3"
"5210" 2.91921587281677 2.88500567414843 0.846855080991108 1.51151906363759 3.98053877507549 4.94147199682228 3.83831266227534 "3"
"5237" 2.93776816426011 2.43838033424609 0.953890486602436 1.4460867223402 3.9390307962992 5.0862452256795 3.57614788979729 "3"
"5256" 3.24276806387767 3.33457222545294 0.884201304712725 1.49697759117521 3.65960525857099 5.12790077204404 3.13169260502041 "3"
"5299" 2.76821794463561 2.59893203767304 1.05546699100572 1.50987484130916 3.99250004003818 5.0061480345949 3.23924911358651 "3"
"5321" 3.56329395873537 3.08413234799698 0.973309403832561 1.42479686451182 3.76929822467445 5.36416435227702 3.14868855146316 "3"
"5455" 3.00209983111802 3.86978620212985 0.994543812550609 1.42249913855156 3.6644762456205 4.97451024180449 3.41141029341211 "3"
"5480" 2.90884170555609 2.27710864759611 0.970138699087048 1.43367792005071 3.89428416710962 5.21912574610704 3.45678332127024 "3"
"5505" 2.82751259127227 3.3420036803283 0.869223150871497 1.44005126906705 3.55390520437036 5.17021292872648 3.63925117647435 "3"
"5548" 3.5096830640743 3.15009434436247 0.831291107386449 1.4315147240692 3.3471376710428 5.13780671982629 3.55647237426053 "3"
"5555" 3.19259236115696 3.43665545129795 0.787426916666674 1.28240686529491 3.13071728012781 5.0109079837974 3.91651693906639 "3"
"5558" 2.82134318397903 3.21378818064525 0.971856068164425 1.47780548095461 3.87604992701587 5.16716038277133 3.3483528565345 "3"
"5566" 2.7614509016999 3.90626976196208 1.30663786471229 1.43286773821194 3.61515996047676 5.13686441656314 3.46300274969984 "3"
"5570" 2.98153351698435 3.71214206015709 0.988131979024266 1.47539772943832 3.90211746659195 4.81996624091559 3.34407369318104 "3"
"5605" 3.01224940941056 2.65518525610187 0.930635318223136 1.42617480195626 3.94830915858902 5.07681535135731 3.43765720047543 "3"
"5655" 3.00048643130419 3.08273617186185 0.829576391209534 1.45940773841654 4.00795458149874 5.02493255954851 3.21585693686093 "3"
"5720" 3.08325352235873 2.56270886351191 0.756279020344005 1.44228268996902 3.86718098406198 5.10915399856215 3.05459174283577 "3"
"5755" 3.04872080429791 2.50174732271984 0.842926414658039 1.46113646958734 3.75571272140327 4.95575025618017 3.31567692445171 "3"
"5791" 3.05560850184481 2.37803875185763 0.925616013093788 1.4865941562162 3.76656062338282 5.103936616016 3.440873493221 "3"
"5870" 3.0822187515518 3.37307834263556 0.890134045359396 1.36324074240347 3.55668188358394 4.96729555682223 3.62148389922198 "3"
"5880" 2.93164048778929 3.22678875427092 0.86168844231759 1.55689343539924 3.68583696381652 5.13785229037306 3.58267472306805 "3"
"5885" 3.31096699638557 2.9400119071866 0.899770287412338 1.48044176588316 3.99311027695785 4.84135095738882 3.42552407294129 "3"
"5916" 2.76687730487728 2.75201312103621 0.956655367390276 1.57378963627524 3.82637316156842 5.0776119719878 3.47269990374368 "3"
"5943" 2.95257175026956 2.92229109059891 0.879132990737981 1.43537614286619 3.89755419854286 5.04039141197232 3.46487185770239 "3"
"5981" 3.0117600190883 3.10732101933178 0.897510208204052 1.47915189775277 3.65412036941038 5.14662513549833 3.42979862862552 "3"
"5999" 2.88115223150612 2.87462997099801 0.887792075302608 1.45392293652239 3.56881801308439 5.39427885660287 3.1689553670972 "3"
"6007" 3.27691724583536 3.29468293483812 1.02089301336138 1.3294564564325 3.68785828198313 5.5062839825395 3.07070416870457 "3"
"6130" 3.42560243822471 2.35376502678015 0.871869837962392 1.46981642828983 4.06192750980656 4.74088830466087 3.23854155710775 "3"
"6170" 2.44479253429158 3.51602972700637 0.946488772137531 1.56481956894449 3.85496547698715 5.05433069348289 3.22859206336066 "3"
"6248" 3.83603711944988 2.45824038344466 0.860786683052962 1.46460299018778 3.68251038371551 5.08265747450922 3.47752912506419 "3"
"6299" 2.94118197591714 3.69038448899576 0.855851694779778 1.45657058354437 3.40736395698088 5.12374557942736 3.43445045468086 "3"
"6334" 3.22461248577331 2.56938947774306 0.795946531970774 1.44349818961998 3.82176390409354 4.90132659659302 3.58322842877324 "3"
"6396" 2.8833346435627 2.79490383691239 0.942621558847425 1.52786532871958 4.08946726951329 4.85439361090276 3.56988029028033 "3"
"6464" 3.0143467366661 2.78663177910939 0.84759583363224 1.53118129721873 4.09716356064934 4.59535126736311 3.59856376424589 "3"
"6499" 3.14983181193639 2.29735787031129 0.899722133778275 1.48032695812497 3.88756370701164 5.03458379397973 3.59404725356746 "3"
"6535" 2.59849378549786 3.07727110964154 0.811505985172671 1.39759779307508 3.6870120590953 4.91962811912943 3.36639327781481 "3"
"6558" 3.04560134241923 2.64345767327273 0.786611376667095 1.57593960266101 4.13052406322464 4.75730967126057 3.48423813580227 "3"
"6614" 3.17141923094895 2.36163654897311 0.964014530728017 1.55594338287421 4.18009748772708 4.70806686447834 3.8698145462769 "3"
"6650" 3.67343948871387 3.42132870284523 0.899163628417637 1.318492210805 3.47168623396741 4.84837308019471 3.26995254436187 "3"
"6678" 2.86609428121149 2.44050239281713 0.993040298666479 1.4411517689736 3.92178158512869 5.2000825284517 3.58143180429453 "3"
"6692" 3.12016051652079 2.4958723699247 0.852456401066119 1.48851281411621 3.9195700435269 4.96914534402996 3.39148154805419 "3"
"6695" 3.02173949759194 3.44184162735709 0.897717431146142 1.43415413313712 3.76412930992162 4.97927500811573 3.40144427139701 "3"
"6740" 3.02586329173538 3.20240807541688 0.881210962292113 1.48247010027337 3.69380908678756 4.95451948489824 3.84221652747974 "3"
"6760" 2.65374713970482 3.8042235720038 1.18165136377176 1.46911492810357 3.39318711870582 5.24790758682924 3.34140138465673 "3"
"6767" 3.10887897003528 2.27830267969728 0.908742152432214 1.52365735734631 3.96934758428536 4.8928305955937 3.24716294256053 "3"
"6778" 3.10691149527609 2.96217465653378 0.873865552148877 1.40780727106754 3.71212162235155 5.17796334252264 3.60208713022006 "3"
"6866" 2.65684560527259 2.75746903773123 1.01774573093443 1.49930744864699 4.04498467373294 5.01808390501698 3.77521363420165 "3"
"6916" 2.69738602587145 2.75216985160304 1.04828489132059 1.40925362541867 3.91888878915997 5.21561262521557 3.43595145529087 "3"
"6919" 2.51137038753693 3.0252950997974 0.819061114078826 1.42280631649992 3.62990244250909 5.07929630198243 3.66399919477605 "3"
"6959" 2.88546628399133 2.37063068439424 0.914357958740016 1.58849804948057 3.82395837637524 4.98994090716088 3.32912116077324 "3"
"7139" 3.18490743211433 2.61486038366563 0.82982625254525 1.47376139599811 3.53872508102809 4.91972700948485 3.47216143476285 "3"
"7148" 3.46987405860507 3.53297179513511 0.790181691998144 1.32123696794657 3.6425785943334 4.82653017988625 3.32760794285846 "3"
"7242" 2.9254275519845 2.98140722495967 0.842422660276036 1.41080597361527 3.83417520220386 5.23899577858892 3.69654248183569 "3"
"7315" 2.8930964969619 2.65528128411732 0.874435838481966 1.49529095734596 3.76740452498274 4.7482335053646 3.40600635262221 "3"
"7382" 2.97208205293931 2.4142664813281 0.895001594110283 1.57572698665154 4.00484337502743 4.79210363020383 3.18423144864174 "3"
"7403" 3.41586493216857 2.89152973234568 0.753610202478195 1.47791557632383 3.73444628589344 5.06405805917607 3.15939398221588 "3"
"7411" 3.98918616593413 3.64574317297324 0.968518754288517 1.46957574738598 3.48964492147886 5.02990058690444 3.4853258598987 "3"
"7456" 3.69521845761184 2.70329496022713 0.871087895550913 1.50414712448972 3.86228931486083 5.23148450980687 3.2697384971824 "3"
"7538" 3.15000611796879 2.35230039883176 0.876558944250555 1.5242953100945 3.89865010823348 4.88636699560174 3.25079980729596 "3"
"7559" 2.87151682721122 3.04847923327614 0.959723080256629 1.49946939774828 3.62716716250537 5.26880823623443 3.24022155868584 "3"
"7605" 2.77030431122345 2.86550367924591 1.05568803695548 1.47567914632691 3.69438551667962 5.328673099391 3.41033497860667 "3"
"7612" 3.48775858707659 2.69284380649314 0.958409824714258 1.51388621879548 3.83013383996099 5.34107963275247 3.30135918574614 "3"
"7658" 4.09204269481082 3.18076056471818 1.10736376290182 1.44709437073055 3.84439548378439 4.88059990415438 3.25092768757026 "3"
"7679" 3.14497984897572 2.40043630034908 0.592445033272467 1.52626343062551 4.05210872376715 5.27526562285425 3.20640409400579 "3"
"7695" 3.5637495769366 2.77939758134609 0.869830822157164 1.52249908704152 3.89205955299173 4.93791409078221 2.9787278129453 "3"
"7739" 2.7506348519792 3.1615734795726 0.936925833913174 1.50007663270164 3.75566475975542 5.18064556451711 3.3185931078324 "3"
"7806" 2.80622529907789 2.69683656131634 0.81979280846114 1.47652193091611 3.90974560262072 4.82295033505748 3.02119711907359 "3"
"7810" 2.88740771843807 4.16290890929479 0.942374315505587 1.48648592834928 3.4360568557244 5.0855690153141 3.49033797427153 "3"
"7821" 3.02237966690828 2.27778438672261 0.936549645646199 1.55120402855688 4.14637111178068 4.93433850455682 3.338625054509 "3"
"7844" 2.99535114904605 2.95474095018369 0.936132965740578 1.45312820084749 3.74803215568377 5.16850601417132 3.61147808369993 "3"
"7852" 3.0804330877408 3.33520330160388 0.766804507650837 1.48681706966826 3.38991532449004 5.23985407915518 3.74159223980976 "3"
"7858" 2.69355797776976 3.07294312942891 0.903145876358742 1.44779021605002 3.51771122956762 5.24330190727932 3.30919421310444 "3"
"7886" 2.96559265698101 2.33142587700547 0.955693865505352 1.48382384745439 4.01291465015328 5.06644771162803 3.1869405138001 "3"
"7898" 3.07258212552643 2.61497271305629 0.918754338406035 1.45775011195945 3.98116695397987 4.95523596000948 3.21077008748953 "3"
"7903" 3.45046081369501 3.4903821485549 0.718676233222345 1.46292241265103 3.54839633438583 5.06473557853841 3.73037600354487 "3"
"7913" 3.54524948829119 3.3719050450459 0.938533037808165 1.42574799914098 3.62398013893135 5.21729547168035 3.52712347606436 "3"
"7920" 3.19802475081367 1.9616344162721 0.834991153040799 1.44722010424986 3.94551712047802 4.93066537187954 3.41934682911971 "3"
"8135" 4.04422522861552 3.39665030572739 1.44324462818625 1.49554512964493 3.61488552490518 5.08573201161295 3.67209373514083 "3"
"8137" 4.1590190067244 3.57761639237662 1.48986238996031 1.58044452435321 3.96333818877794 4.74698585674881 3.32205262966254 "3"
"8179" 2.72148073252755 3.07043907064449 0.868496936823035 1.64725658333089 3.75650592118842 5.31917124769047 3.52983381531307 "3"
"8205" 4.07049339378913 3.3904455380635 1.42753436108369 1.54213082972063 3.48778789115473 5.23833138410257 3.55487225640231 "3"
"8213" 4.52165678173287 3.1484299285746 1.45640208945838 1.52054458007867 3.93125966544482 5.25409502337365 3.23716416071537 "3"
"8228" 4.42882755338132 3.18912727172651 1.63041953166324 1.46130007675143 4.20934171852801 4.78958101856946 3.32767206625518 "3"
"8276" 2.79385018164296 3.25565426607746 1.00121182550456 1.44621845979214 3.66106290520238 5.12348533338259 3.3364919480038 "3"

